index,link,Title,Price,km,Zustand,Registration date,kW,hp,transmission,Ffuel,Type,Previous Owners,Last Service Date,Warranty,Full Service,Non-smoking Vehicle,Make,Model,First Registration,Body Color,Paint Type,Upholstery,Body,Nr. of Doors,Nr. of Seats,Gearing Type,Gears,Displacement,Cylinders,Weight,Fuel,ConsumptionYou can obtain more information on the official fuel consumption and official specific CO2 emissions of new passenger vehicles from the guideline on fuel consumption and CO2 emissions of new passenger vehicles. This guideline is available free of charge at all dealerships and from Deutsche Automobil Treuhand GmbH at www.dat.de.,CO2 EmissionYou can obtain more information on the official fuel consumption and official specific CO2 emissions of new passenger vehicles from the guideline on fuel consumption and CO2 emissions of new passenger vehicles. This guideline is available free of charge at all dealerships and from Deutsche Automobil Treuhand GmbH at www.dat.de.,Offer Number,Body Color Original,Drive chain,Emission Class,Availability,Country version,Emission Label,Next Inspection,Electricity consumptionYou can obtain more information on the official fuel consumption and official specific CO2 emissions of new passenger vehicles from the guideline on fuel consumption and CO2 emissions of new passenger vehicles. This guideline is available free of charge at all dealerships and from Deutsche Automobil Treuhand GmbH at www.dat.de.,Inspection new,Model Code,Last Timing Belt Service Date,Other Fuel Types,CO2 Emission
0,https://www.autoscout24.com//offers/skoda-octavia-combi-1-6-ambition-tdi-4x4-green-tec-anhaengerk-diesel-grey-bd9a2a4e-bd6e-4473-84d0-1fe06553f2af,"Skoda Octavia Combi 1,6 Ambition TDI 4x4 Green tec Anhängerk.","€ 15,900.-","97,000 km","Used, Full Service History",07/2014,77 kW,105 hp,"Manual, Diesel","Manual, Diesel",Used,1,03/2019,6 months,,,Skoda,Octavia,2014,Grey,Metallic,"Cloth, Black",Station wagon,5,5,Manual,5,"1,598 cc",4,"1,435 kg",Diesel,"4.5 l/100 km (comb)
5.5 l/100 km (city)
4 l/100 km (country)",119 g CO2/km (comb),,,,,,,,,,,,,,
1,https://www.autoscout24.com//offers/audi-a3-sportback-1-6-tdi-intense-diesel-black-d37673a0-4c7f-492e-81cb-961ba54ed1ae,"Audi A3 Sportback 1,6 TDI Intense","€ 21,490.-","40,851 km",Used,03/2017,85 kW,116 hp,"Manual, Diesel","Manual, Diesel",Used,,,,,,Audi,A3,2017,Black,,"Full leather, Grey",Compact,5,,Manual,6,"1,598 cc",,,Diesel,"4 l/100 km (comb)
4.5 l/100 km (city)
3.7 l/100 km (country)",108 g CO2/km (comb),3439876,schwarz,front,Euro 6,,,,,,,,,,
2,https://www.autoscout24.com//offers/mercedes-benz-a-180-cdi-blue-efficiency-diesel-blue-f96d6b94-9f85-3617-e053-e250040a7f0a,Mercedes-Benz A 180 CDI BLUE EFFICIENCY,"€ 15,800.-","106,000 km",Used,03/2013,80 kW,109 hp,"Manual, Diesel","Manual, Diesel",Used,,,,,,Mercedes-Benz,A 180,2013,Blue,Metallic,Full leather,,5,5,Manual,,,,,Diesel,,,,,,,,,,,,,,,,
3,https://www.autoscout24.com//offers/ford-focus-titanium-1-0-ecob-125ps-lager-aktion-gasoline-grey-8e459422-01c0-4238-ac59-efef366a3ec8,"Ford Focus Titanium 1,0 Ecob. 125PS, LAGER AKTION","€ 21,390.-",10 km,"New, Full Service History",-/-,92 kW,125 hp,"Manual, Gasoline","Manual, Gasoline",New,,,60 months,,,Ford,Focus,,Grey,Metallic,Cloth,Sedans,5,5,Manual,6,999 cc,,,Gasoline,"4.8 l/100 km (comb)
5.9 l/100 km (city)
4.1 l/100 km (country)",107 g CO2/km (comb),95172,Magnetic Grau Metallic,front,,,,,,,,,,,
4,https://www.autoscout24.com//offers/hyundai-kona-impression-dct-4wd-krell-led-smartkey-smartsens-gasoline-red-f6b84d38-3e07-47f0-a849-c44e56109309,Hyundai Kona Impression DCT 4WD KRELL LED SmartKey SmartSens...,"€ 27,465.-",10 km,New,-/-,130 kW,177 hp,"Automatic, Gasoline","Automatic, Gasoline",New,,,,,,Hyundai,Kona,,Red,,,Off-Road/Pick-up,5,,Automatic,,"1,591 cc",4,,Super 95,"7.1 l/100 km (comb)
8.3 l/100 km (city)
6.1 l/100 km (country)",158 g CO2/km (comb),330397,"PULSE RED, DARK KNIGHT...",4WD,Euro 6d-TEMP,in 14 days from ordering,European Union,4 (Green),,,,,,,
5,https://www.autoscout24.com//offers/mercedes-benz-a-160-led-navi-gasoline-grey-27c9c2e8-fb3e-40e0-8a31-8fac2f6151e8,Mercedes-Benz A 160 *LED *NAVI,"€ 26,500.-","6,186 km",Employee's car,04/2019,80 kW,109 hp,"Manual, Gasoline","Manual, Gasoline",Employee's car,1,,38 months,,,Mercedes-Benz,A 160,2019,Grey,Metallic,,Sedans,5,5,Manual,,"1,332 cc",,,Gasoline,"5.8 l/100 km (comb)
7.7 l/100 km (city)
4.6 l/100 km (country)",132 g CO2/km (comb),070021911185,mountaingrau metallic,front,,,,,,,,,,,
6,https://www.autoscout24.com//offers/bmw-116-d-sport-line-diesel-red-329be898-cb29-429e-9909-0a6814dfd3dc,BMW 116 d Sport Line,"€ 18,950.-","42,000 km",Used,03/2015,85 kW,116 hp,"Automatic, Diesel","Automatic, Diesel",Used,1,,,,,BMW,116,2015,Red,,Cloth,Compact,5,5,Automatic,8,"1,496 cc",,,Diesel (Particulate Filter),,,3273895,rot,rear,Euro 6,,,,,,,,,,
7,https://www.autoscout24.com//offers/bmw-530-d-xdrive-diesel-blue-e60160c0-ccb5-48bb-9bf2-8597e4bfae59,BMW 530 d xDrive,"€ 43,850.-","46,000 km","Used, Full Service History",05/2017,195 kW,265 hp,"Automatic, Diesel","Automatic, Diesel",Used,,,12 months,,,BMW,530,2017,Blue,Metallic,Full leather,Sedans,4,,Automatic,8,"2,993 cc",,,Diesel,"5 l/100 km (comb)
5.8 l/100 km (city)
4.6 l/100 km (country)",132 g CO2/km (comb),3431576,bluestone,4WD,Euro 6,,,,,,,,,,
8,https://www.autoscout24.com//offers/hyundai-i30-kombi-1-6-crdi-dpf-trend-blue-navi-klimaaut-diesel-black-5c9bdf56-84cb-47c2-aeff-be82ad743e05,Hyundai i30 Kombi 1.6 CRDi DPF Trend blue Navi Klimaaut,"€ 13,666.-","70,553 km","Used, Full Service History",06/2017,81 kW,110 hp,"Manual, Diesel","Manual, Diesel",Used,,,,,,Hyundai,i30,2017,Black,Metallic,Cloth,Station wagon,5,,Manual,,"1,582 cc",,,Diesel (Particulate Filter),"3.9 l/100 km (comb)
4.4 l/100 km (city)
3.6 l/100 km (country)",102 g CO2/km (comb),3392216,schwarz,,,,,,06/2020,,,,,,
9,https://www.autoscout24.com//offers/audi-q2-1-0-tfsi-design-gasoline-red-1001f2dd-f1f1-4e22-b7b3-e579ffb62a6a,Audi Q2 1.0 TFSI Design,"€ 32,490.-","17,810 km","Used, Full Service History",08/2018,85 kW,116 hp,"Automatic, Gasoline","Automatic, Gasoline",Used,,,,,,Audi,Q2,2018,Red,Metallic,,Off-Road/Pick-up,4,5,Automatic,,999 cc,,"1,292 kg",Gasoline,"5.1 l/100 km (comb)

",,101-22906,mittelrot metallic,front,,,,,,,,,,,
10,https://www.autoscout24.com//offers/audi-a4-avant-2-0-tdi-leder-led-xenon-navi-tel-diesel-grey-a24d1b54-8754-42ad-82b0-db2bd9260491,"Audi A4 Avant 2,0 TDI*LEDER*LED*XENON*NAVI*TEL*","€ 16,800.-","136,000 km","Used, Full Service History",02/2016,110 kW,150 hp,"Manual, Diesel","Manual, Diesel",Used,1,,,,,Audi,A4,2016,Grey,Metallic,"alcantara, Grey",Station wagon,5,5,Manual,6,"1,968 cc",4,"1,550 kg",Diesel,"4 l/100 km (comb)

",104 g CO2/km (comb),,,,Euro 6,,,,,,,,,,
11,https://www.autoscout24.com//offers/kia-cee-d-ceed-pro-cee-d-1-4-mpi-titan-gasoline-white-c1666aac-5e2d-4f83-b6d5-04d713635c55,"Kia cee'd / Ceed pro cee'd 1,4 MPI Titan","€ 11,490.-","35,000 km","Used, Full Service History",05/2015,73 kW,99 hp,"Manual, Gasoline","Manual, Gasoline",Used,,,,,,Kia,cee'd / Ceed,2015,White,,,Sedans,2,5,Manual,,"1,396 cc",,"1,239 kg",Gasoline,"6 l/100 km (comb)

",,731-1137,weiss normal,front,,,,,,,,,,,
12,https://www.autoscout24.com//offers/mercedes-benz-sprinter-310-cdi-kuehlkastenwagen-diesel-white-697a6d98-d6b2-3f6c-e053-e250040a2bf9,Mercedes-Benz Sprinter 310 CDI Kühlkastenwagen,"€ 15,990.-","160,000 km",Used,09/2013,70 kW,95 hp,"Manual, Diesel","Manual, Diesel",Used,,,,,,Mercedes-Benz,Sprinter,2013,White,,"Cloth, Black",Transporter,5,3,Manual,6,"2,143 cc",4,"2,005 kg",Diesel (Particulate Filter),"8 l/100 km (comb)

",210 g CO2/km (comb),,,,Euro 5,,,,,,,,,,
13,https://www.autoscout24.com//offers/volkswagen-polo-1-0-comfortline-tsi-gasoline-grey-4efc9548-82b5-486a-9777-9e90c85238db,"Volkswagen Polo 1,0 Comfortline TSI","€ 15,990.-","4,000 km",Used,10/2019,70 kW,95 hp,"Manual, Gasoline","Manual, Gasoline",Used,1,,,,,Volkswagen,Polo,2019,Grey,,,Sedans,5,5,Manual,5,999 cc,3,"1,145 kg",Gasoline,"4.4 l/100 km (comb)

",104 g CO2/km (comb),,,front,Euro 6d-TEMP,,,,,,,,,,
14,https://www.autoscout24.com//offers/volkswagen-golf-rabbit-40-1-0-tsi-gasoline-silver-31a8ed57-a0c1-4092-bf98-fe0a7b06c330,"Volkswagen Golf Rabbit 40 1,0 TSI","€ 19,990.-",200 km,Used,02/2019,63 kW,86 hp,"Manual, Gasoline","Manual, Gasoline",Used,1,,,,,Volkswagen,Golf,2019,Silver,Metallic,,Sedans,5,5,Manual,5,999 cc,3,"1,206 kg",Gasoline,"4.8 l/100 km (comb)

",109 g CO2/km (comb),11442,Reflexsilber Met.,front,Euro 6d-TEMP,,Austria,,,,,,,,
15,https://www.autoscout24.com//offers/smart-fortwo-eq-coupe-leder-pano-kamera-spurh-sitzh-electric-grey-4a44ce45-c69f-40c8-8480-688f0364b422,smart forTwo EQ coupé Leder Pano Kamera Spurh. Sitzh.,"€ 28,190.-",10 km,"New, Full Service History",-/-,60 kW,82 hp,"Automatic, Electric","Automatic, Electric",New,,,60 months,,,smart,forTwo,,Grey,,Full leather,Compact,3,2,Automatic,,,,,Electricity,,0 g CO2/km (comb),1K414232,bodypanels in titania grey (ma,,,,Austria,,,12.9 kWh/100 km (comb),,,,,
16,https://www.autoscout24.com//offers/hyundai-tucson-1-6-crdi-level-3-diesel-silver-bf7548e2-5916-4c1a-a74e-a93cd7e9af5a,"Hyundai Tucson 1,6 CRDI Level 3","€ 24,640.-",- km,New,-/-,85 kW,116 hp,"Manual, Diesel","Manual, Diesel",New,,,,,,Hyundai,Tucson,,Silver,Metallic,Cloth,Off-Road/Pick-up,5,5,Manual,6,"1,598 cc",,"1,507 kg",Diesel (Particulate Filter),"4.5 l/100 km (comb)
4.9 l/100 km (city)
4.2 l/100 km (country)",120 g CO2/km (comb),2021343605,silber,front,,,,,,,,,,,
17,https://www.autoscout24.com//offers/mazda-2-g115-revolution-top-gasoline-grey-d5b8df3e-335a-414a-8054-200e76b2c368,Mazda 2 G115 Revolution Top,"€ 18,790.-",10 km,"Demonstration, Full Service History",09/2019,85 kW,116 hp,"Manual, Gasoline","Manual, Gasoline",Demonstration,1,,,,,Mazda,2,2019,Grey,Metallic,Full leather,Sedans,5,5,Manual,6,"1,496 cc",,,Gasoline,,,3384536,machine grau,front,Euro 6,,,,,,,,,,
18,https://www.autoscout24.com//offers/opel-corsa-5t-oeedition-gasoline-silver-afe99a53-fe15-4dac-8272-fa049413c6bb,Opel Corsa 5T ÖEdition,"€ 11,980.-","18,595 km","Used, Full Service History",02/2018,66 kW,90 hp,"Manual, Gasoline","Manual, Gasoline",Used,1,,,,,Opel,Corsa,2018,Silver,Metallic,Cloth,Sedans,,,Manual,5,,,"1,162 kg",Gasoline,"5 l/100 km (comb)
6.3 l/100 km (city)
4.2 l/100 km (country)",,504734,ARGON SILBERICE SILVER M2,front,,,,,02/2021,,Yes,2331/033,,,
19,https://www.autoscout24.com//offers/fiat-panda-twinair-85-4x4-wild-gasoline-grey-8e8b5f1a-f2cf-41a9-9774-d0f633a8a905,Fiat Panda TwinAir 85 4x4 Wild,"€ 14,490.-","1,569 km",Demonstration,08/2019,63 kW,86 hp,"Manual, Gasoline","Manual, Gasoline",Demonstration,,,,,,Fiat,Panda,2019,Grey,,Cloth,Sedans,5,4,Manual,6,875 cc,,"1,050 kg",Gasoline,"5.1 l/100 km (comb)

",116 g CO2/km (comb),47320,Colosseograu,4WD,Euro 6,,,,08/2022,,,,,,
20,https://www.autoscout24.com//offers/citroen-jumper-kw-35-l4-h3-blue-hdi-165-diesel-white-62c5298f-d17f-414b-a724-ea8aff2da65e,Citroen Jumper KW 35+ L4 H3 Blue HDi 165,"€ 27,560.-",- km,New,-/-,119 kW,162 hp,"Manual, Diesel","Manual, Diesel",New,0,,,,,Citroen,Jumper,,White,,"Cloth, Other",Transporter,5,3,Manual,6,"1,997 cc",4,,Diesel,"6 l/100 km (comb)
7.1 l/100 km (city)
5.2 l/100 km (country)",159 g CO2/km (comb),,Banquise Weiß,front,Euro 6,,,,,,,,,,
21,https://www.autoscout24.com//offers/mercedes-benz-cla-200-d-austria-edition-aut-diesel-grey-60adf6ee-8bd9-46a5-a92b-d93dd8fca2f9,Mercedes-Benz CLA 200 d Austria Edition Aut.,"€ 29,900.-","10,600 km",Used,12/2018,100 kW,136 hp,"Automatic, Diesel","Automatic, Diesel",Used,2,,,,,Mercedes-Benz,CLA 200,2018,Grey,Metallic,,Coupe,4,4,Automatic,,"2,143 cc",,,Diesel,"5.4 l/100 km (comb)
6.6 l/100 km (city)
4.8 l/100 km (country)",146 g CO2/km (comb),060021950332,mountaingrau metallic,front,,,,,,,,,,,
22,https://www.autoscout24.com//offers/mitsubishi-carisma-1-9-jubilee-di-d-diesel-green-a1b95698-b789-9658-e053-e250040ad32c,"Mitsubishi Carisma 1,9 Jubilee DI-D",€ 400.-,"194,000 km",Used,08/2002,75 kW,102 hp,"Manual, Diesel","Manual, Diesel",Used,,,,,,Mitsubishi,Carisma,2002,Green,,,Sedans,5,5,Manual,5,"1,870 cc",4,"1,280 kg",Diesel,"5.5 l/100 km (comb)
7.3 l/100 km (city)
4.5 l/100 km (country)",146 g CO2/km (comb),,,,,,,,,,,,,,
23,https://www.autoscout24.com//offers/skoda-octavia-ambition-tdi-diesel-silver-8c3cecf8-d3aa-4234-8902-6b75145f5ff9,Skoda Octavia Ambition TDI,"€ 15,990.-","41,392 km","Used, Full Service History",07/2017,66 kW,90 hp,"Manual, Diesel","Manual, Diesel",Used,,,,,,Skoda,Octavia,2017,Silver,Metallic,,Station wagon,5,5,Manual,,"1,598 cc",,"1,252 kg",Diesel,"3.8 l/100 km (comb)

",,720-12875,silber metallic,front,,,,,,,,,,,
24,https://www.autoscout24.com//offers/renault-scenic-iii-tomtom-edition-navi-klima-gasoline-brown-7a313dea-914a-463a-981a-270e0240695f,Renault Scenic III TomTom Edition * Navi * Klima,"€ 4,999.-","150,000 km","Used, Full Service History",05/2011,96 kW,131 hp,"Manual, Gasoline","Manual, Gasoline",Used,1,,12 months,,,Renault,Scenic,2011,Brown,,Cloth,Station wagon,5,5,Manual,6,"1,397 cc",,"1,320 kg",Gasoline,"7.3 l/100 km (comb)
9.8 l/100 km (city)
5.9 l/100 km (country)",168 g CO2/km (comb),862019,Braun,front,,,,,05/2020,,,,,,
25,https://www.autoscout24.com//offers/mini-cooper-cabrio-f57-gasoline-red-335029cd-7da1-4500-aa81-eeacacce9b5f,MINI Cooper Cabrio F57,"€ 41,903.-",- km,New,-/-,100 kW,136 hp,"Automatic, Gasoline","Automatic, Gasoline",New,,,,,,MINI,Cooper Cabrio,,Red,,,Convertible,2,4,Automatic,,"1,499 cc",,"1,340 kg",Gasoline,,121 g CO2/km (comb),046114489,Chili Rot uni,,Euro 6,,,,01/1970,,,,,,
26,https://www.autoscout24.com//offers/volkswagen-passat-variant-hl-4motion-2-0-tdi-dsg-r-line-navi-radar-led-leder-diesel-grey-2a0c74ba-8dd6-40f5-b619-d7ffb406c3ed,Volkswagen Passat Variant HL 4Motion 2.0 TDI DSG R-Line NAVI RADAR LED LEDER,"€ 20,990.-","111,900 km","Used, Full Service History",05/2016,140 kW,190 hp,"Automatic, Diesel","Automatic, Diesel",Used,,,,,,Volkswagen,Passat Variant,2016,Grey,Metallic,"Full leather, Black",Station wagon,5,5,Automatic,6,"1,968 cc",,,Diesel,,,3427462,grau,4WD,Euro 6,,,,,,,,,,
27,https://www.autoscout24.com//offers/bmw-320-3er-reihe-diesel-f30-navi-schiebedach-diesel-black-bdb2a4e1-53ec-4ecc-9e95-85d39d0e435c,"BMW 320 3er-Reihe Diesel (F30) Navi, Schiebedach","€ 16,900.-","113,290 km","Used, Full Service History",10/2015,140 kW,190 hp,"Manual, Diesel","Manual, Diesel",Used,1,,,,,BMW,320,2015,Black,,,Sedans,4,5,Manual,6,"1,995 cc",4,"1,505 kg",Diesel (Particulate Filter),"4 l/100 km (comb)
4.9 l/100 km (city)
3.5 l/100 km (country)",106 g CO2/km (comb),,,,Euro 6,,,,,,,,,,
28,https://www.autoscout24.com//offers/opel-insignia-st-2-0-biturbo-sport-cdti-dpf-allrad-start-stop-diesel-white-504ade98-8d6d-9a5b-e053-e250040ab99b,"Opel Insignia ST 2,0 BiTurbo Sport CDTI DPF Allrad Start/Stop","€ 16,500.-","84,500 km","Used, Full Service History",10/2012,143 kW,194 hp,"Manual, Diesel","Manual, Diesel",Used,2,,,,,Opel,Insignia,2012,White,,,Station wagon,5,5,Manual,6,"1,956 cc",4,"1,843 kg",Diesel (Particulate Filter),"5.6 l/100 km (comb)
6.9 l/100 km (city)
4.9 l/100 km (country)",149 g CO2/km (comb),,,4WD,Euro 5,,,,10/2020,,,,,,
29,https://www.autoscout24.com//offers/ford-focus-1-0-ecoboost-trend-gasoline-silver-fb0a6d5a-c8be-43ea-9f0b-0c5d36b872f6,"Ford Focus 1,0 EcoBoost Trend","€ 15,990.-","5,000 km","Demonstration, Full Service History",11/2019,63 kW,86 hp,"Manual, Gasoline","Manual, Gasoline",Demonstration,,,,,,Ford,Focus,2019,Silver,Metallic,"Cloth, Grey",Sedans,5,5,Manual,6,999 cc,,,Gasoline,"4.8 l/100 km (comb)
6 l/100 km (city)
4.2 l/100 km (country)",110 g CO2/km (comb),2020790611,polar silber,front,Euro 6,,,,11/2022,,,,,,
30,https://www.autoscout24.com//offers/bmw-316-3er-reihe-kombi-diesel-f31-touring-diesel-grey-4ab95b92-91e4-487c-e053-e250040a2650,BMW 316 3er-Reihe Kombi Diesel (F31) Touring,"€ 20,000.-","42,000 km","Used, Full Service History",05/2016,85 kW,116 hp,"Manual, Diesel","Manual, Diesel",Used,,,,,,BMW,316,2016,Grey,,,Station wagon,5,5,Manual,6,"1,995 cc",4,"1,570 kg",Diesel (Particulate Filter),"4.1 l/100 km (comb)
4.9 l/100 km (city)
3.7 l/100 km (country)",109 g CO2/km (comb),,,,Euro 6,,,,,,,,,,
31,https://www.autoscout24.com//offers/hyundai-kona-1-6-crdi-4wd-level-3-plus-dct-aut-diesel-grey-ade1ca85-38f6-40c7-b4d3-5d2be3fc9e85,"Hyundai Kona 1,6 CRDi 4WD Level 3 Plus DCT Aut.","€ 25,540.-",- km,"New, Full Service History",-/-,100 kW,136 hp,"Automatic, Diesel","Automatic, Diesel",New,,,,,,Hyundai,Kona,,Grey,Metallic,"Cloth, Black",Off-Road/Pick-up,5,5,Automatic,7,"1,598 cc",,"1,318 kg",Diesel (Particulate Filter),"4.8 l/100 km (comb)
5.2 l/100 km (city)
4 l/100 km (country)",123 g CO2/km (comb),2021392109,Galactic Grey Perl,4WD,,,,,,,,,,,
32,https://www.autoscout24.com//offers/kia-rio-1-25-silber-meisinger-edition-8-fach-bereift-gasoline-black-3a93d401-26d2-4bba-aa4a-413a01dc5c21,"Kia Rio 1,25 Silber Meisinger Edition (8-fach Bereift)","€ 14,444.-",10 km,"Pre-registered, Full Service History",12/2019,62 kW,84 hp,"Manual, Gasoline","Manual, Gasoline",Pre-registered,,,84 months,,,Kia,Rio,2019,Black,Metallic,Cloth,Sedans,5,5,Manual,5,"1,248 cc",,,Gasoline,"5.6 l/100 km (comb)
6.5 l/100 km (city)
5.1 l/100 km (country)",127 g CO2/km (comb),6372596,schwarz,front,,,,,12/2022,,,,,,
33,https://www.autoscout24.com//offers/kia-xceed-1-4-t-gdi-gpf-first-yellow-edition-gasoline-grey-1a917a60-76b9-47f5-9299-bb227458aae6,"Kia XCeed 1,4 T-GDI GPF First Yellow Edition","€ 25,890.-",- km,New,-/-,103 kW,140 hp,"Manual, Gasoline","Manual, Gasoline",New,0,,,,,Kia,XCeed,,Grey,Metallic,"Part leather, Black",Sedans,5,5,Manual,6,"1,353 cc",4,"1,240 kg",Gasoline,"5.9 l/100 km (comb)
7.5 l/100 km (city)
5 l/100 km (country)",150 g CO2/km (comb),,Dark Penta Met.,front,Euro 6d-TEMP,,Austria,,,,,,,,
34,https://www.autoscout24.com//offers/seat-ibiza-1-0-style-oe-paket-alu-gasoline-white-9664e101-b175-459a-bc83-6101665712ad,"SEAT Ibiza 1,0 Style - Ö-Paket - Alu","€ 14,990.-","3,800 km","Demonstration, Full Service History",06/2019,59 kW,80 hp,"Manual, Gasoline","Manual, Gasoline",Demonstration,1,,60 months,,,SEAT,Ibiza,2019,White,,"Cloth, Other",Sedans,5,5,Manual,5,999 cc,3,"1,091 kg",Gasoline,"4.9 l/100 km (comb)

",,975,Candy-Weiß,front,,,Austria,,,,,,,,
35,https://www.autoscout24.com//offers/bmw-640-i-xdrive-gran-coupe-gasoline-black-9c043369-257e-499a-aa7d-cba2ee136103,BMW 640 i xDrive Gran Coupé,"€ 39,990.-","35,823 km","Used, Full Service History",12/2013,235 kW,320 hp,"Automatic, Gasoline","Automatic, Gasoline",Used,,,,,,BMW,640,2013,Black,Metallic,Full leather,Coupe,4,,Automatic,8,"2,979 cc",,,Gasoline,"8.1 l/100 km (comb)
11.1 l/100 km (city)
6.4 l/100 km (country)",189 g CO2/km (comb),2052179,saphirschwarz,4WD,Euro 5,,,,,,,,,,
36,https://www.autoscout24.com//offers/mercedes-benz-b-180-d-navi-led-temp-megapreis-diesel-grey-cb6c37b5-9c4b-436c-8048-61a9994686bd,Mercedes-Benz B 180 d NAVI LED TEMP MEGAPREIS,"€ 16,990.-","25,200 km","Used, Full Service History",08/2018,80 kW,109 hp,"Manual, Diesel","Manual, Diesel",Used,,,,,,Mercedes-Benz,B 180,2018,Grey,Metallic,"Cloth, Black",Sedans,5,5,Manual,6,"1,461 cc",,,Diesel,,,3422873,grau,front,Euro 6,,,,,,,,,,
37,https://www.autoscout24.com//offers/mercedes-benz-c-180-d-avantgarde-led-navi-teilleder-kamera-autom-diesel-grey-810923aa-6ce8-472d-8500-d2d7b3c0225c,Mercedes-Benz C 180 d Avantgarde LED Navi Teilleder Kamera Autom,"€ 43,590.-",10 km,"New, Full Service History",-/-,90 kW,122 hp,"Automatic, Diesel","Automatic, Diesel",New,,,60 months,,,Mercedes-Benz,C 180,,Grey,Metallic,"Part leather, Black",Sedans,4,5,Automatic,,"1,597 cc",4,,Diesel (Particulate Filter),"5.6 l/100 km (comb)
6.6 l/100 km (city)
4.6 l/100 km (country)",117 g CO2/km (comb),R525014,selenitgrau metallic,,Euro 6,,Austria,4 (Green),,,,,,,
38,https://www.autoscout24.com//offers/mercedes-benz-a-180-d-aut-diesel-white-285d9dbb-7a59-48d6-b2fb-d393b43c3440,Mercedes-Benz A 180 d Aut.,"€ 25,900.-","15,652 km",Employee's car,10/2018,85 kW,116 hp,"Automatic, Diesel","Automatic, Diesel",Employee's car,1,,33 months,,,Mercedes-Benz,A 180,2018,White,,,Sedans,5,5,Automatic,,"1,461 cc",,,Diesel,"4.1 l/100 km (comb)
4.5 l/100 km (city)
3.9 l/100 km (country)",108 g CO2/km (comb),020021961551,polarweiß,front,,,,,,,,,,,
39,https://www.autoscout24.com//offers/mercedes-benz-c-180-bluetec-d-7g-tronic-diesel-black-69b2669a-177b-f015-e053-e250040a4fc6,Mercedes-Benz C 180 (BlueTEC) d 7G-TRONIC,"€ 19,900.-","58,000 km",Used,04/2017,85 kW,116 hp,"Automatic, Diesel","Automatic, Diesel",Used,,,,,,Mercedes-Benz,C 180,2017,Black,,,Sedans,4,5,Automatic,7,"1,598 cc",4,"1,485 kg",Diesel (Particulate Filter),"3.9 l/100 km (comb)
4.7 l/100 km (city)
3.5 l/100 km (country)",99 g CO2/km (comb),,,,Euro 6,,,,,,,,,,
40,https://www.autoscout24.com//offers/hyundai-i40-1-7-crdi-aut-diesel-black-91f23044-4bbc-4753-9a32-b0687ec12286,"Hyundai i40 1,7 CRDi Aut.","€ 14,900.-","51,478 km",Used,03/2015,100 kW,136 hp,"Automatic, Diesel","Automatic, Diesel",Used,,,,,,Hyundai,i40,2015,Black,Metallic,"Cloth, Grey",Station wagon,5,5,Automatic,6,"1,685 cc",,,Diesel (Particulate Filter),"5.6 l/100 km (comb)

",149 g CO2/km (comb),3351994,schwarz,front,Euro 5,,,,,,,,,,
41,https://www.autoscout24.com//offers/renault-megane-grandtour-limited-blue-dci-115ps-navi-city-paket-diesel-blue-1bfe62c3-aba4-465b-94fc-9d977df0e17a,Renault Megane Grandtour Limited Blue dCi 115PS+NAVI+City Paket+,"€ 17,190.-","17,210 km",Used,06/2019,85 kW,116 hp,"Manual, Diesel","Manual, Diesel",Used,1,,48 months,,,Renault,Megane,2019,Blue,Metallic,"Cloth, Grey",Station wagon,5,5,Manual,6,"1,461 cc",4,"1,425 kg",Diesel (Particulate Filter),,,TRAN3186991,Cosmos Blau,front,,in 7 days from ordering,,,06/2022,,,,,,
42,https://www.autoscout24.com//offers/volkswagen-polo-4friends-1-2-tdi-servicegepflegt-diesel-blue-3da3cb9a-c837-c732-e053-e250040aa9ee,"Volkswagen Polo 4FRIENDS 1,2 TDI/Servicegepflegt","€ 5,990.-","110,000 km","Used, Full Service History",12/2010,55 kW,75 hp,"Manual, Diesel","Manual, Diesel",Used,1,,,,,Volkswagen,Polo,2010,Blue,,Black,Sedans,5,5,Manual,5,"1,199 cc",3,"1,132 kg",Diesel (Particulate Filter),"4.2 l/100 km (comb)

",99 g CO2/km (comb),,,,Euro 5,,,,,,,,,,
43,https://www.autoscout24.com//offers/opel-mokka-allrad-1-4-turbo-ecotec-cosmo-gasoline-white-69ae6286-2db8-4b3e-ae98-087835ea4c96,"Opel Mokka Allrad 1,4 Turbo Ecotec Cosmo","€ 12,990.-","87,496 km",Used,07/2014,103 kW,140 hp,"Manual, Gasoline","Manual, Gasoline",Used,,,6 months,,,Opel,Mokka,2014,White,,,Off-Road/Pick-up,5,5,Manual,,"1,364 cc",,"1,425 kg",Gasoline,"6.4 l/100 km (comb)

",149 g CO2/km (comb),94,weiss,4WD,Euro 5,,,,07/2020,,,,,,
44,https://www.autoscout24.com//offers/volkswagen-golf-vii-tdi-1-6-bmt-dsg-join-navi-kamera-klimaaut-diesel-yellow-f510f6b7-c1cf-4906-a865-6fe1884b1ef3,Volkswagen Golf VII TDI 1.6 BMT DSG Join Navi Kamera Klimaaut,"€ 21,016.-","9,964 km",Used,10/2018,85 kW,116 hp,"Automatic, Diesel","Automatic, Diesel",Used,,,,,,Volkswagen,Golf,2018,Yellow,Metallic,Cloth,Sedans,5,,Automatic,,"1,598 cc",,,Diesel (Particulate Filter),"3.9 l/100 km (comb)
4.1 l/100 km (city)
3.8 l/100 km (country)",103 g CO2/km (comb),3432234,gelb,,,,,,10/2021,,,,,,
45,https://www.autoscout24.com//offers/audi-a6-avant-quattro-2-5-v6-schaltgetriebe-tdi-diesel-black-babe9d9a-c579-b979-e053-e250040a5f0c,"Audi A6 Avant quattro 2,5 V6 Schaltgetriebe TDI","€ 4,600.-","306,000 km",Used,05/2000,132 kW,179 hp,"Manual, Diesel","Manual, Diesel",Used,,11/2019,,,,Audi,A6,2000,Black,Metallic,"Full leather, Black",Station wagon,5,5,Manual,6,"2,496 cc",6,"1,735 kg",Diesel,"8 l/100 km (comb)
11.2 l/100 km (city)
6.3 l/100 km (country)",213 g CO2/km (comb),,,4WD,,,,,05/2020,,,,11/2019,,
46,https://www.autoscout24.com//offers/fiat-500-1-2-sport-gasoline-blue-730ffb99-8b09-7742-e053-e250040a5d36,"Fiat 500 1,2 Sport","€ 3,450.-","134,000 km",Used,02/2008,51 kW,69 hp,"Manual, Gasoline","Manual, Gasoline",Used,,,,,,Fiat,500,2008,Blue,,,Sedans,3,4,Manual,5,"1,242 cc",4,865 kg,Gasoline,"5.1 l/100 km (comb)
6.4 l/100 km (city)
4.3 l/100 km (country)",119 g CO2/km (comb),,,,Euro 5,,,,,,,,,,
47,https://www.autoscout24.com//offers/ford-fiesta-trend-1-1-start-stop-gasoline-grey-ab4957a2-7f13-449b-a23c-d0ccaf2e92eb,"Ford Fiesta Trend 1,1 Start/Stop","€ 9,990.-","10,700 km","Used, Full Service History",09/2018,51 kW,69 hp,"Manual, Gasoline","Manual, Gasoline",Used,1,,,,,Ford,Fiesta,2018,Grey,Metallic,"Cloth, Black",Sedans,5,5,Manual,5,"1,084 cc",3,"1,157 kg",Gasoline,"5.1 l/100 km (comb)
6.4 l/100 km (city)
4.3 l/100 km (country)",115 g CO2/km (comb),98,,front,Euro 6d-TEMP,,,,,,,,,,
48,https://www.autoscout24.com//offers/peugeot-508-2-0-bluehdi-180-eat8-s-s-allure-diesel-blue-02e904c1-c458-415e-af3d-14d310b95283,"Peugeot 508 2,0 BlueHDi 180 EAT8 S&S Allure","€ 29,990.-","7,508 km","Used, Full Service History",12/2018,130 kW,177 hp,"Semi-automatic, Diesel","Semi-automatic, Diesel",Used,1,,,,,Peugeot,508,2018,Blue,Metallic,"Part leather, Black",Sedans,5,5,Semi-automatic,8,"1,997 cc",,,Diesel (Particulate Filter),"6 l/100 km (comb)
3 l/100 km (city)
4 l/100 km (country)",123 g CO2/km (comb),3277092,blau,front,Euro 6,,,,,,,,,,
49,https://www.autoscout24.com//offers/volkswagen-touran-comfortline-1-6-bmt-tdi-dpf-diesel-black-88395d8f-6078-0117-e053-e250040a38f6,"Volkswagen Touran Comfortline 1,6 BMT TDI DPF","€ 9,900.-","149,000 km",Used,12/2013,77 kW,105 hp,"Manual, Diesel","Manual, Diesel",Used,,,,,,Volkswagen,Touran,2013,Black,,,Van,5,5,Manual,6,"1,598 cc",4,"1,544 kg",Diesel (Particulate Filter),"4.7 l/100 km (comb)

",121 g CO2/km (comb),,,,Euro 5,,,,,,,,,,
50,https://www.autoscout24.com//offers/bmw-330-3er-reihe-diesel-e46-aut-diesel-blue-6a5ce99a-63a2-0109-e053-e250040a62c0,BMW 330 3er-Reihe Diesel (E46) Aut.,"€ 6,300.-","241,300 km",Used,07/2001,135 kW,184 hp,"Semi-automatic, Diesel","Semi-automatic, Diesel",Used,3,,,,,BMW,330,2001,Blue,,,Sedans,4,5,Semi-automatic,5,"2,926 cc",6,"1,595 kg",Diesel (Particulate Filter),"8 l/100 km (comb)
11.2 l/100 km (city)
6.2 l/100 km (country)",213 g CO2/km (comb),,,,Euro 3,,,,,,,,,,
51,https://www.autoscout24.com//offers/mazda-3-skyactiv-g122-comfort-gasoline-grey-1661f604-590d-46d2-8b6c-eb7bc3988924,Mazda 3 Skyactiv-G122 Comfort+,"€ 22,690.-","9,337 km",Demonstration,04/2019,90 kW,122 hp,"Manual, Gasoline","Manual, Gasoline",Demonstration,,,,,,Mazda,3,2019,Grey,Metallic,"Cloth, Black",Sedans,5,5,Manual,6,"1,998 cc",,,Gasoline,"5.2 l/100 km (comb)
6.5 l/100 km (city)
4.4 l/100 km (country)",119 g CO2/km (comb),3251007,grau,front,Euro 6,,,,,,,,,,
52,https://www.autoscout24.com//offers/fiat-panda-0-9-twinair-turbo-85-lounge-gasoline-green-a618a8b6-741f-4d13-b523-e7485ff7f40c,"Fiat Panda 0,9 Twinair Turbo 85 Lounge","€ 6,885.-","41,700 km","Used, Full Service History",11/2015,63 kW,86 hp,"Manual, Gasoline","Manual, Gasoline",Used,,01/2020,,,,Fiat,Panda,2015,Green,Metallic,"Cloth, White",Sedans,5,4,Manual,5,875 cc,2,975 kg,Gasoline,"4.2 l/100 km (comb)
5 l/100 km (city)
3.8 l/100 km (country)",99 g CO2/km (comb),,Deepsmaragdgreenmet.,front,,,Austria,,,,,,,,
53,https://www.autoscout24.com//offers/volkswagen-touran-comfortline-1-6-scr-tdi-navi-diesel-grey-a195768b-1260-4ca9-8cdc-f6ffce0d3b51,"Volkswagen Touran Comfortline 1,6 SCR TDI *NAVI*","€ 15,980.-","127,000 km","Used, Full Service History",04/2016,81 kW,110 hp,"Manual, Diesel","Manual, Diesel",Used,1,,12 months,,,Volkswagen,Touran,2016,Grey,,"Cloth, Black",Van,5,5,Manual,6,"1,598 cc",,,Diesel (Particulate Filter),"4.4 l/100 km (comb)

",116 g CO2/km (comb),64961,uranograu,front,,,,,04/2021,,,,,,
54,https://www.autoscout24.com//offers/citroen-berlingo-bluehdi-100-s-s-feel-tageszulassung-diesel-blue-17529c30-86d8-4e44-93ef-bda8953c0e04,Citroen Berlingo BlueHDI 100 S&S Feel Tageszulassung,"€ 22,480.-",10 km,Pre-registered,11/2019,75 kW,102 hp,"Manual, Diesel","Manual, Diesel",Pre-registered,1,,,,,Citroen,Berlingo,2019,Blue,Metallic,"Cloth, Grey",Station wagon,5,5,Manual,5,"1,499 cc",4,"1,594 kg",Diesel,"4 l/100 km (comb)
4.3 l/100 km (city)
3.8 l/100 km (country)",106 g CO2/km (comb),CN1325,Nacht Blau Metallic,front,Euro 6d-TEMP,,,,,,,,,,
55,https://www.autoscout24.com//offers/mercedes-benz-vito-114vtp-l-4x2-3200-diesel-black-901e3219-6445-43d3-8166-a98e247a7e8f,Mercedes-Benz Vito 114VTP/L 4X2 3200,"€ 40,788.-","35,750 km",Used,12/2018,100 kW,136 hp,"Automatic, Diesel","Automatic, Diesel",Used,1,,,,,Mercedes-Benz,Vito,2018,Black,Metallic,,Transporter,,,Automatic,,"2,143 cc",,,Diesel,"7.5 l/100 km (comb)

",199 g CO2/km (comb),060111941023,obsidianschwarz meta,,,,,,,,,,,,
56,https://www.autoscout24.com//offers/audi-a5-2-7-tdi-diesel-grey-44435a95-5fbd-5b3d-e053-e250040a635c,"Audi A5 2,7 TDI","€ 11,400.-","189,000 km",Used,12/2008,140 kW,190 hp,"Automatic, Diesel","Automatic, Diesel",Used,,,,,,Audi,A5,2008,Grey,,Full leather,Coupe,2,5,Automatic,,,,,Diesel,,,,,,,,,,,,,,,,
57,https://www.autoscout24.com//offers/toyota-avensis-1-8-valvematic-comfort-gasoline-black-b9551a95-cb0b-4dbe-a923-cd0b3e4ced1e,"Toyota Avensis 1,8 Valvematic Comfort","€ 10,290.-","92,500 km",Used,05/2011,108 kW,147 hp,"Manual, Gasoline","Manual, Gasoline",Used,1,,,,,Toyota,Avensis,2011,Black,,,Station wagon,5,5,Manual,,"1,798 cc",,"1,500 kg",Gasoline,"6.6 l/100 km (comb)

",155 g CO2/km (comb),,schwarz,front,Euro 5,,,,05/2020,,,,,,
58,https://www.autoscout24.com//offers/citroen-spacetourer-bluehdi-180-s-s-eat6-m-shine-diesel-beige-fee046ef-68e4-4c35-9762-c9d3ccce265f,Citroen Spacetourer BlueHDI 180 S&S EAT6 M Shine,"€ 39,470.-","11,000 km",Used,06/2018,132 kW,179 hp,"Automatic, Diesel","Automatic, Diesel",Used,,,,,,Citroen,Spacetourer,2018,Beige,Metallic,"Full leather, Black",Station wagon,5,8,Automatic,6,"1,997 cc",,,Diesel (Particulate Filter),,,3209404,Sandbeige,front,Euro 6,,,,,,,,,,
59,https://www.autoscout24.com//offers/audi-a4-2-0-tdi-dpf-diesel-black-06d76493-74a6-f842-e053-e250040a4bf5,"Audi A4 2,0 TDI DPF","€ 8,900.-","195,000 km",Used,12/2009,88 kW,120 hp,"Manual, Diesel","Manual, Diesel",Used,,,,,,Audi,A4,2009,Black,Metallic,,Sedans,4,5,Manual,6,"1,968 cc",4,"1,460 kg",Diesel (Particulate Filter),"5.2 l/100 km (comb)
7.5 l/100 km (city)
4.3 l/100 km (country)",136 g CO2/km (comb),,,,Euro 5,,,,,,,,,,
60,https://www.autoscout24.com//offers/skoda-fabia-active-1-0-gasoline-black-80ba159e-7804-4e82-91e8-41bb2096674f,"Skoda Fabia Active 1,0","€ 7,990.-","36,000 km","Used, Full Service History",09/2015,44 kW,60 hp,"Manual, Gasoline","Manual, Gasoline",Used,1,,,,,Skoda,Fabia,2015,Black,Metallic,Cloth,Sedans,5,5,Manual,5,999 cc,,,Gasoline,,,3454350,Schwarz,front,Euro 6,,,,,,,,,,
61,https://www.autoscout24.com//offers/suzuki-ignis-1-2-dualjet-hybrid-4wd-shine-electric-gasoline-grey-09ec0864-13a5-4eb9-9a7e-d3877a1c94f6,"Suzuki Ignis 1,2 DualJet Hybrid 4WD shine","€ 16,990.-",5 km,New,-/-,66 kW,90 hp,"Manual, Electric/Gasoline","Manual, Electric/Gasoline",New,,,,,,Suzuki,Ignis,,Grey,Metallic,Cloth,Sedans,5,4,Manual,5,"1,242 cc",,917 kg,Electric/Gasoline,"4.6 l/100 km (comb)
5 l/100 km (city)
4.4 l/100 km (country)",105 g CO2/km (comb),BUCHHB016081,Mineral Gray Metallic,4WD,,,,,,,,,,Electricity,
62,https://www.autoscout24.com//offers/mercedes-benz-c-180-t-avantgarde-a-edition-plus-aut-gasoline-black-c1f63681-6963-8107-e053-e350040a5ce5,Mercedes-Benz C 180 T Avantgarde A-Edition Plus Aut.,"€ 22,000.-","70,000 km","Used, Full Service History",08/2015,129 kW,175 hp,"Automatic, Gasoline","Automatic, Gasoline",Used,2,,,,,Mercedes-Benz,C 180,2015,Black,Metallic,,Station wagon,5,5,Automatic,7,"1,595 cc",4,"1,500 kg",Gasoline,"5.6 l/100 km (comb)
7 l/100 km (city)
4.7 l/100 km (country)",130 g CO2/km (comb),,,,Euro 6,,,,,,,,,,
63,https://www.autoscout24.com//offers/audi-a7-sportback-3-0-tdi-quattro-sport-s-tronic-diesel-brown-6ff3bf95-5d6b-8619-e053-e250040a2ec3,"Audi A7 Sportback 3,0 TDI quattro Sport S-tronic","€ 24,990.-","160,000 km","Used, Full Service History",07/2013,180 kW,245 hp,"Automatic, Diesel","Automatic, Diesel",Used,2,07/2019,,,,Audi,A7,2013,Brown,Metallic,"Full leather, Beige",Sedans,5,4,Automatic,7,"2,967 cc",6,"1,845 kg",Diesel (Particulate Filter),"6 l/100 km (comb)
7.2 l/100 km (city)
5.3 l/100 km (country)",,,,,,,,,07/2020,,Yes,,,,
64,https://www.autoscout24.com//offers/bmw-320-3er-reihe-diesel-f30-aut-diesel-black-3634b793-508c-4c16-e053-e250040afd68,BMW 320 3er-Reihe Diesel (F30) Aut.,"€ 16,500.-","168,000 km","Used, Full Service History",12/2013,135 kW,184 hp,"Automatic, Diesel","Automatic, Diesel",Used,,,,,,BMW,320,2013,Black,Metallic,,Sedans,4,5,Automatic,8,"1,995 cc",4,"1,505 kg",Diesel (Particulate Filter),"4.5 l/100 km (comb)
5.4 l/100 km (city)
3.9 l/100 km (country)",117 g CO2/km (comb),,,,Euro 5,,,,,,,,,,
65,https://www.autoscout24.com//offers/mercedes-benz-c-63-amg-klasse-w204-avantgarde-aut-gasoline-silver-83d37f8f-818a-e50e-e053-e250040a84ea,Mercedes-Benz C 63 AMG -Klasse (W204) Avantgarde Aut.,"€ 33,333.-","135,000 km",Used,12/2008,336 kW,457 hp,"Semi-automatic, Gasoline","Semi-automatic, Gasoline",Used,,,,,,Mercedes-Benz,C 63 AMG,2008,Silver,,,Sedans,4,5,Semi-automatic,7,"6,208 cc",8,"1,795 kg",Gasoline,"13.4 l/100 km (comb)
21.1 l/100 km (city)
9.5 l/100 km (country)",312 g CO2/km (comb),,,,Euro 4,,,,,,,,,,
66,https://www.autoscout24.com//offers/mitsubishi-space-star-1-2-mivec-invite-connect-as-gasoline-white-cf9683d6-405a-4235-b39c-c432c53fb3b7,"Mitsubishi Space Star 1,2 MIVEC Invite Connect AS","€ 11,890.-",- km,New,-/-,59 kW,80 hp,"Manual, Gasoline","Manual, Gasoline",New,0,,,,,Mitsubishi,Space Star,,White,,"Cloth, Black",Sedans,5,5,Manual,5,"1,193 cc",3,845 kg,Gasoline,"4.9 l/100 km (comb)
5.6 l/100 km (city)
4.6 l/100 km (country)",113 g CO2/km (comb),,Polar Weiß,,Euro 6d-TEMP,,Austria,,,,,,,,
67,https://www.autoscout24.com//offers/alfa-romeo-giulietta-exclusive-2-0-jtdm-2-diesel-black-ffb02e18-ba99-4b96-8e38-6f1b78a0d29d,"Alfa Romeo Giulietta Exclusive 2,0 JTDM-2","€ 14,990.-","36,000 km",Used,02/2015,110 kW,150 hp,"Manual, Diesel","Manual, Diesel",Used,,,,,,Alfa Romeo,Giulietta,2015,Black,Metallic,Part leather,Compact,5,,Manual,6,"1,956 cc",,,Diesel,"4.2 l/100 km (comb)
5 l/100 km (city)
3.7 l/100 km (country)",110 g CO2/km (comb),2111283,schwarz,front,Euro 5,,,,,,,,,,
68,https://www.autoscout24.com//offers/renault-clio-expression-1-5-dci-diesel-red-e507fe9a-ac06-a277-e053-e250040ae685,"Renault Clio Expression 1,5 dCi","€ 1,799.-","200,000 km","Used, Full Service History",06/2006,63 kW,86 hp,"Manual, Diesel","Manual, Diesel",Used,2,,,,,Renault,Clio,2006,Red,Metallic,"Cloth, Grey",Sedans,3,5,Manual,5,"1,461 cc",4,"1,165 kg",Diesel,"4.4 l/100 km (comb)
5.2 l/100 km (city)
4 l/100 km (country)",117 g CO2/km (comb),,,front,,,,,10/2020,,,,,,
69,https://www.autoscout24.com//offers/audi-a7-sportback-55-tfsi-quattro-s-tronic-gasoline-black-fba1af5f-836e-4a7c-93fa-a9be04c3bc05,Audi A7 Sportback 55 TFSI quattro S-tronic,"€ 94,450.-","12,000 km",Used,02/2019,250 kW,340 hp,"Automatic, Gasoline","Automatic, Gasoline",Used,,,,,,Audi,A7,2019,Black,Metallic,Cloth,Sedans,5,4,Automatic,7,"2,995 cc",,"1,890 kg",Gasoline,"6.9 l/100 km (comb)
9.1 l/100 km (city)
5.4 l/100 km (country)",157 g CO2/km (comb),210-9076,mythosschwarz met.,4WD,Euro 6,,,,02/2022,,,,,,
70,https://www.autoscout24.com//offers/nissan-qashqai-1-3-dig-t-acenta-gasoline-white-56a66a4b-f97b-4629-a66a-ddf08d00f838,"Nissan Qashqai 1,3 DIG-T Acenta","€ 19,990.-",20 km,"Pre-registered, Full Service History",10/2019,103 kW,140 hp,"Manual, Gasoline","Manual, Gasoline",Pre-registered,,,36 months,,,Nissan,Qashqai,2019,White,,Cloth,Off-Road/Pick-up,5,5,Manual,6,"1,332 cc",,"1,375 kg",Gasoline,"5.3 l/100 km (comb)
6.6 l/100 km (city)
4.5 l/100 km (country)",121 g CO2/km (comb),34574,weiß,front,,,,,10/2022,,,,,,
71,https://www.autoscout24.com//offers/audi-a3-sb-1-6-jubilaeumsmodell-gasoline-black-2b2c9c9b-2df1-6163-e053-e250040a9826,"Audi A3 SB 1,6 Jubiläumsmodell","€ 7,000.-","130,000 km",Used,04/2010,75 kW,102 hp,"Manual, Gasoline","Manual, Gasoline",Used,,,,,,Audi,A3,2010,Black,,,Sedans,5,5,Manual,5,"1,595 cc",4,"1,225 kg",Gasoline,"6.9 l/100 km (comb)
9.5 l/100 km (city)
5.4 l/100 km (country)",164 g CO2/km (comb),,,,Euro 4,,,,,,,,04/2019,,
72,https://www.autoscout24.com//offers/fiat-talento-kw-l1h1-1-6-120-sx-netto-17-300-messepreis-diesel-white-89c1e016-8b43-4fdf-9b63-028a49df69ec,"Fiat Talento KW L1H1 1,6 120 SX - NETTO €17.300,- MESSEPREIS","€ 20,760.-",- km,New,-/-,88 kW,120 hp,"Manual, Diesel","Manual, Diesel",New,0,,,,,Fiat,Talento,,White,,"Cloth, Other",Transporter,,2,Manual,,,,,Diesel,,,KEF73791.63,,front,,,Austria,,,,,,,,
73,https://www.autoscout24.com//offers/ford-b-max-trend-1-6-duratorq-tdci-diesel-white-c6789570-20f5-4f8c-b3a7-3aff2d02866d,"Ford B-Max Trend 1,6 Duratorq TDCi","€ 7,997.-","111,500 km","Used, Full Service History",07/2014,70 kW,95 hp,"Manual, Diesel","Manual, Diesel",Used,,,,,,Ford,B-Max,2014,White,,Cloth,Station wagon,5,5,Manual,5,"1,560 cc",,,Diesel,,,3423591,weiss,front,Euro 5,,,,,,,,,,
74,https://www.autoscout24.com//offers/mazda-cx-5-g165-takumi-gasoline-grey-d3822328-46df-40ac-adb1-80327fd2d019,Mazda CX-5 G165 Takumi,"€ 29,980.-",10 km,"New, Full Service History",-/-,121 kW,165 hp,"Manual, Gasoline","Manual, Gasoline",New,,,,,,Mazda,CX-5,,Grey,Metallic,Cloth,Off-Road/Pick-up,5,5,Manual,6,"1,998 cc",,,Gasoline,,,3330068,Machinegrau,front,Euro 6,,,,,,,,,,
75,https://www.autoscout24.com//offers/seat-ibiza-reference-gasoline-white-82071ed7-4271-42ab-bba0-07c0c59a8ae1,SEAT Ibiza Reference,"€ 11,990.-","7,100 km","Used, Full Service History",08/2019,59 kW,80 hp,"Manual, Gasoline","Manual, Gasoline",Used,,,,,,SEAT,Ibiza,2019,White,,,Sedans,5,5,Manual,,999 cc,,"1,037 kg",Gasoline,"4.7 l/100 km (comb)

",,350-35286,weiss normal,front,,,,,,,,,,,
76,https://www.autoscout24.com//offers/renault-koleos-dci-175-4wd-initiale-paris-x-tronic-aut-diesel-white-81a121fc-66ad-4aa4-a2d2-dc91c05dc59f,Renault Koleos dCi 175 4WD Initiale Paris X-Tronic Aut.,"€ 35,490.-","9,980 km","Demonstration, Full Service History",04/2019,130 kW,177 hp,"Automatic, Diesel","Automatic, Diesel",Demonstration,1,,,,,Renault,Koleos,2019,White,Metallic,"Full leather, Other",Off-Road/Pick-up,5,5,Automatic,7,"1,995 cc",4,"1,769 kg",Diesel (Particulate Filter),"6.4 l/100 km (comb)
7 l/100 km (city)
6 l/100 km (country)",168 g CO2/km (comb),,,4WD,,,Austria,,,,,,,,
77,https://www.autoscout24.com//offers/fiat-ducato-kastenwagen-l2h2-33-2-3-multijet-130-diesel-white-d318180f-c51f-4e3a-9ad5-534957e45e60,Fiat Ducato Kastenwagen L2H2 33 2.3 MultiJet 130,"€ 20,388.-","57,248 km",Used,12/2016,96 kW,131 hp,"Manual, Diesel","Manual, Diesel",Used,,,,,,Fiat,Ducato,2016,White,,"Other, Other",Transporter,5,3,Manual,,"2,287 cc",,"1,925 kg",Diesel,,166 g CO2/km (comb),26465,WEISS,front,,,,,12/2019,,,,,,
78,https://www.autoscout24.com//offers/ford-kuga-2-0-tdci-vignale-start-stop-powershift-aut-awd-diesel-black-1ff7c958-43f8-4570-923f-e7fd8dfbd64a,"Ford Kuga 2,0 TDCi Vignale Start/Stop Powershift Aut. AWD","€ 42,690.-",1 km,New,-/-,132 kW,179 hp,"Automatic, Diesel","Automatic, Diesel",New,,,,,,Ford,Kuga,,Black,Metallic,Full leather,Off-Road/Pick-up,5,5,Automatic,6,"1,997 cc",,,Diesel,"5.2 l/100 km (comb)
5.5 l/100 km (city)
4.9 l/100 km (country)",134 g CO2/km (comb),F-BUCH19011135,Iridium Schwarz Met,4WD,Euro 6,,,,,,,,,,
79,https://www.autoscout24.com//offers/volkswagen-amarok-atacama-garantie-bis-09-2020-diesel-black-7a6bd095-ca58-a244-e053-e250040a6997,Volkswagen Amarok Atacama Garantie bis 09.2020,"€ 25,900.-","96,000 km",Used,09/2015,132 kW,179 hp,Diesel,Diesel,Used,,,,,,Volkswagen,Amarok,2015,Black,Metallic,,Off-Road/Pick-up,,,,,,,,Diesel (Particulate Filter),,,,,,,,,,,,,,,,
80,https://www.autoscout24.com//offers/audi-a8-4-2-tdi-dpf-quattro-diesel-grey-7648b39a-be15-0062-e053-e250040a4a54,Audi A8 4.2 TDI DPF quattro,"€ 10,900.-","199,000 km","Used, Full Service History",01/2006,240 kW,326 hp,"Automatic, Diesel","Automatic, Diesel",Used,3,,,,,Audi,A8,2006,Grey,Metallic,"Full leather, Grey",Sedans,4,5,Automatic,6,"4,134 cc",8,"1,945 kg",Diesel (Particulate Filter),"9.4 l/100 km (comb)
13.3 l/100 km (city)
7.2 l/100 km (country)",249 g CO2/km (comb),,,4WD,Euro 4,,,,,,,0588/898,,,
81,https://www.autoscout24.com//offers/suzuki-swift-sport-limited-yellow-edition-jdm-gasoline-yellow-48df629b-abf8-4165-e053-e250040a6023,Suzuki Swift Sport Limited Yellow Edition JDM,"€ 7,500.-","117,450 km","Used, Full Service History",09/2013,100 kW,136 hp,"Manual, Gasoline","Manual, Gasoline",Used,2,,,,,Suzuki,Swift,2013,Yellow,Metallic,,Compact,3,4,Manual,,,,,Gasoline,,,,,,,,,,09/2020,,,,,,
82,https://www.autoscout24.com//offers/citroen-c3-puretech-110-s-s-6-gang-manuell-shine-gasoline-white-1b7cf96e-129c-49ec-8ece-9c850c09af0d,Citroen C3 PureTech 110 S&S 6-Gang-Manuell Shine,"€ 17,220.-",100 km,Demonstration,11/2019,81 kW,110 hp,"Manual, Gasoline","Manual, Gasoline",Demonstration,,,,,,Citroen,C3,2019,White,,Cloth,Sedans,5,5,Manual,6,"1,199 cc",,"1,141 kg",Gasoline,"4.6 l/100 km (comb)
5.7 l/100 km (city)
3.9 l/100 km (country)",104 g CO2/km (comb),492199,weiß,front,,,,,11/2022,,,,,,
83,https://www.autoscout24.com//offers/bmw-i3-bmw-edrive-bev-i01-electric-blue-7d732381-b6b7-46b3-9d12-e7a5d1733918,BMW i3 BMW eDrive BEV i01,"€ 49,612.-",18 km,New,-/-,125 kW,170 hp,"Manual, Electric","Manual, Electric",New,,,,,,BMW,i3,,Blue,,,Sedans,5,4,Manual,,,,"1,320 kg",Electric,,,012114538,Imperialblau mit Akt,,Euro 5,,,,01/1970,,,,,,0 g CO2/km (comb)
84,https://www.autoscout24.com//offers/volkswagen-passat-tdi-2-0-4motion-dsg-highline-standhzg-acc-diesel-blue-d7bc5899-f931-4fad-8fdb-32251e97f11e,Volkswagen Passat TDI 2.0 4motion DSG Highline Standhzg. ACC,"€ 33,274.-","28,518 km",Used,08/2016,176 kW,239 hp,"Automatic, Diesel","Automatic, Diesel",Used,,,,,,Volkswagen,Passat,2016,Blue,Metallic,Full leather,Sedans,5,,Automatic,,"1,968 cc",,,Diesel (Particulate Filter),"5.5 l/100 km (comb)
6.6 l/100 km (city)
4.9 l/100 km (country)",143 g CO2/km (comb),2988245,blau,4WD,,,,,08/2021,,,,,,
85,https://www.autoscout24.com//offers/volkswagen-tiguan-2-0-tdi-scr-highline-r-line-diesel-black-453bca1e-8080-4a0a-b0b8-6bae049d67b5,"Volkswagen Tiguan 2,0 TDI SCR Highline*R-line*","€ 24,990.-","82,084 km",Used,10/2016,110 kW,150 hp,"Manual, Diesel","Manual, Diesel",Used,,,,,,Volkswagen,Tiguan,2016,Black,,Full leather,Off-Road/Pick-up,5,5,Manual,7,"1,968 cc",,"1,830 kg",Diesel (Particulate Filter),"4.9 l/100 km (comb)

",129 g CO2/km (comb),177,schwarz,front,Euro 6,,,,10/2021,,,,,,
86,https://www.autoscout24.com//offers/ford-c-max-trend-1-6-tdci-dpf-eco-sport-diesel-red-c0c72097-0aa2-617f-e053-e250040a05a0,"Ford C-Max Trend 1,6 TDCi/DPF-Eco-Sport","€ 7,950.-","73,900 km",Used,08/2010,74 kW,101 hp,"Manual, Diesel","Manual, Diesel",Used,1,11/2019,,,,Ford,C-Max,2010,Red,,,Other,5,5,Manual,5,"1,560 cc",4,"1,392 kg",Diesel (Particulate Filter),"4.7 l/100 km (comb)
6.3 l/100 km (city)
4.1 l/100 km (country)",119 g CO2/km (comb),,,,Euro 4,,,,,,,,08/2016,,
87,https://www.autoscout24.com//offers/fiat-500c-eco-1-2-69-lounge-lounge-winterraeder-gasoline-green-ed59290d-c29d-4795-86cb-db7542466f03,"Fiat 500C ECO 1,2 69 Lounge Lounge *Winterräder*","€ 10,790.-","12,600 km","Used, Full Service History",08/2018,51 kW,69 hp,"Manual, Gasoline","Manual, Gasoline",Used,,,,,,Fiat,500C,2018,Green,,Cloth,Convertible,2,4,Manual,5,"1,242 cc",,905 kg,Gasoline,"4.3 l/100 km (comb)
4.8 l/100 km (city)
4 l/100 km (country)",99 g CO2/km (comb),IUS869,Lattementa Grün,front,Euro 6,,,,08/2021,,,,,,
88,https://www.autoscout24.com//offers/bmw-520-5er-reihe-kombi-diesel-f11-touring-aut-diesel-blue-42d31b9b-424b-3923-e053-e250040acd3a,BMW 520 5er-Reihe Kombi Diesel (F11) Touring Aut.,"€ 13,990.-","205,195 km",Used,04/2013,135 kW,184 hp,"Automatic, Diesel","Automatic, Diesel",Used,,,,,,BMW,520,2013,Blue,,,Station wagon,5,5,Automatic,8,"1,995 cc",4,"1,715 kg",Diesel (Particulate Filter),"4.9 l/100 km (comb)
5.9 l/100 km (city)
4.3 l/100 km (country)",129 g CO2/km (comb),,,,Euro 5,,,,,,,,,,
89,https://www.autoscout24.com//offers/opel-mokka-x-1-4-turbo-120-jahre-edition-start-stop-sys-gasoline-red-7e88a089-25e5-4fba-80af-59bc0c2ab3cc,"Opel Mokka X 1,4 Turbo 120 Jahre Edition Start/Stop Sys","€ 18,390.-","2,443 km","Demonstration, Full Service History",08/2019,88 kW,120 hp,"Manual, Gasoline","Manual, Gasoline",Demonstration,1,,,,,Opel,Mokka,2019,Red,Metallic,Cloth,Off-Road/Pick-up,5,5,Manual,6,"1,364 cc",,,Gasoline,,151 g CO2/km (comb),3336735,Orient Rot (M2),front,Euro 6,,,,,,,,,,
90,https://www.autoscout24.com//offers/skoda-octavia-combi-2-0-style-tdi-4x4-dsg-diesel-black-739c9696-d49c-5c73-e053-e250040ac775,"Skoda Octavia Combi 2,0 Style TDI 4x4 DSG","€ 29,300.-","16,000 km","Used, Full Service History",02/2019,110 kW,150 hp,"Automatic, Diesel","Automatic, Diesel",Used,1,,,,,Skoda,Octavia,2019,Black,Metallic,,Station wagon,5,5,Automatic,7,"1,968 cc",4,"1,490 kg",Diesel (Particulate Filter),"5 l/100 km (comb)

",132 g CO2/km (comb),,,,Euro 6,,,,02/2022,,,,,,
91,https://www.autoscout24.com//offers/mercedes-benz-c-320-cdi-dpf-7g-tronic-avantgarde-amg-diesel-grey-95ef2f91-8e86-2066-e053-e250040ad9fc,Mercedes-Benz C 320 CDI DPF 7G-TRONIC Avantgarde AMG,"€ 9,900.-","174,000 km",Used,05/2009,165 kW,224 hp,"Automatic, Diesel","Automatic, Diesel",Used,,,,,,Mercedes-Benz,C 320,2009,Grey,,,Sedans,4,5,Automatic,7,"2,987 cc",6,"1,700 kg",Diesel (Particulate Filter),"7.3 l/100 km (comb)
10 l/100 km (city)
5.9 l/100 km (country)",193 g CO2/km (comb),,,,Euro 4,,,,,,,1313/ABH,,,
92,https://www.autoscout24.com//offers/audi-a3-style-1-6-tdi-diesel-grey-b4600a0e-bf71-4b6c-bb8c-ea806b6e94d0,"Audi A3 Style 1,6 TDI","€ 9,990.-","145,000 km",Used,11/2011,66 kW,90 hp,"Manual, Diesel","Manual, Diesel",Used,,,,,,Audi,A3,2011,Grey,Metallic,"Cloth, Grey",Compact,3,,Manual,5,"1,598 cc",,,Diesel,"4.7 l/100 km (comb)
5.6 l/100 km (city)
3.9 l/100 km (country)",114 g CO2/km (comb),2132398,grau,front,Euro 5,,,,,,,,,,
93,https://www.autoscout24.com//offers/volkswagen-polo-gasoline-black-a557dcfe-b886-4c15-82ee-bb6ac42454cb,Volkswagen Polo,"€ 12,880.-",15 km,"Used, Full Service History",03/2019,59 kW,80 hp,"Manual, Gasoline","Manual, Gasoline",Used,,,,,,Volkswagen,Polo,2019,Black,,,Sedans,4,5,Manual,,999 cc,,"1,093 kg",Gasoline,"4.8 l/100 km (comb)

",,121-12987,schwarz normal,front,,,,,,,,,,,
94,https://www.autoscout24.com//offers/audi-a4-3-2-fsi-v6-quattro-tiptronic-gasoline-grey-2fbfcf98-a784-a709-e053-e250040a0ecb,"Audi A4 3,2 FSI V6 quattro Tiptronic","€ 6,500.-","225,000 km",Used,02/2006,188 kW,256 hp,"Semi-automatic, Gasoline","Semi-automatic, Gasoline",Used,,,,,,Audi,A4,2006,Grey,,,Sedans,4,5,Semi-automatic,6,"3,123 cc",6,"1,580 kg",Gasoline,"10.8 l/100 km (comb)
15.4 l/100 km (city)
7.9 l/100 km (country)",257 g CO2/km (comb),,,,,,,,06/2019,,,,,,
95,https://www.autoscout24.com//offers/mercedes-benz-a-180-d-aut-diesel-black-55c8bbb4-d725-4dae-8e4e-42d93c74b34a,Mercedes-Benz A 180 d Aut.,"€ 27,900.-","19,595 km",Used,04/2019,85 kW,116 hp,"Automatic, Diesel","Automatic, Diesel",Used,1,,39 months,,,Mercedes-Benz,A 180,2019,Black,,,Sedans,5,5,Automatic,,"1,461 cc",,,Diesel,"4.2 l/100 km (comb)
4.7 l/100 km (city)
3.9 l/100 km (country)",111 g CO2/km (comb),070021941461,nachtschwarz,front,,,,,,,,,,,
96,https://www.autoscout24.com//offers/ford-focus-ghia-1-8-tddi-diesel-green-0e00338f-70f3-b244-e053-e250040a87eb,"Ford Focus Ghia 1,8 TDdi",€ 950.-,"216,000 km",Used,05/2001,66 kW,90 hp,"Manual, Diesel","Manual, Diesel",Used,,,,,,Ford,Focus,2001,Green,Metallic,,Sedans,4,5,Manual,5,"1,753 cc",4,"1,050 kg",Diesel,"5.4 l/100 km (comb)
6.7 l/100 km (city)
4 l/100 km (country)",144 g CO2/km (comb),,,,,,,,,,,,,,
97,https://www.autoscout24.com//offers/kia-cee-d-ceed-1-4-mpi-silber-gasoline-silver-9d5f4a25-3b03-4470-a7fb-025105876a90,"Kia cee'd / Ceed 1,4 MPI Silber","€ 11,490.-","11,314 km",Used,03/2015,73 kW,99 hp,"Manual, Gasoline","Manual, Gasoline",Used,1,,,,,Kia,cee'd / Ceed,2015,Silver,,"Cloth, Black",Sedans,5,5,Manual,6,"1,396 cc",,,Gasoline,,,3385064,AA3/ siriussilber me,front,Euro 5,,,,,,,,,,
98,https://www.autoscout24.com//offers/volkswagen-golf-comfortline-tdi-diesel-black-18cc2894-aa02-704e-e053-e250040a4114,Volkswagen Golf Comfortline TDI,"€ 2,300.-","257,000 km",Used,05/2000,66 kW,90 hp,"Manual, Diesel","Manual, Diesel",Used,,,,,,Volkswagen,Golf,2000,Black,,Cloth,Sedans,5,5,Manual,5,"1,896 cc",4,"1,297 kg",Diesel,"4.9 l/100 km (comb)
6.5 l/100 km (city)
4.1 l/100 km (country)",130 g CO2/km (comb),,,front,,,,,,,,,,,
99,https://www.autoscout24.com//offers/peugeot-boxer-3500-l3h2-2-0-hdi-130-euro6-diesel-white-6f4fbed5-88b0-44c1-a2b7-393dfffbbc40,"Peugeot Boxer 3500 L3H2 2,0 HDi 130 Euro6","€ 25,680.-",10 km,"New, Full Service History",-/-,96 kW,131 hp,"Manual, Diesel","Manual, Diesel",New,,,,,,Peugeot,Boxer,,White,,Cloth,Transporter,5,3,Manual,6,"1,997 cc",,"2,079 kg",Diesel (Particulate Filter),"6.2 l/100 km (comb)

",163 g CO2/km (comb),75415,Schneeweiß,front,Euro 6,,,,,,,,,,
100,https://www.autoscout24.com//offers/mercedes-benz-c-200-t-4matic-aut-amg-line-gasoline-grey-6a5760c2-8f50-48be-a923-5d0b4df4ff59,Mercedes-Benz C 200 T 4MATIC Aut. *AMG-Line*,"€ 43,650.-","18,000 km",Employee's car,12/2018,135 kW,184 hp,"Automatic, Gasoline","Automatic, Gasoline",Employee's car,1,,34 months,,,Mercedes-Benz,C 200,2018,Grey,Metallic,,Station wagon,5,5,Automatic,,"1,497 cc",,,Gasoline,"7.1 l/100 km (comb)
9.2 l/100 km (city)
5.9 l/100 km (country)",162 g CO2/km (comb),400021940558,selenitgrau metallic,4WD,,,,,,,,,,,
101,https://www.autoscout24.com//offers/mercedes-benz-ce-230-coupe-gasoline-grey-4da49a8b-d0e1-f26d-e053-e250040ae3eb,Mercedes-Benz CE 230 Coupé,"€ 3,900.-","175,000 km",Used,08/1988,97 kW,132 hp,"Automatic, Gasoline","Automatic, Gasoline",Used,,,,,,Mercedes-Benz,CE 230,1988,Grey,Metallic,"Cloth, Beige",Coupe,2,4,Automatic,4,"2,298 cc",4,"1,400 kg",Gasoline,,,,,rear,,,,,07/2020,,,,,,
102,https://www.autoscout24.com//offers/opel-astra-st-1-4-turbo-ecotec-oesterreich-edition-start-stop-gasoline-silver-5f787147-8aef-479d-b6b3-010aa30bf055,"Opel Astra ST 1,4 Turbo ECOTEC Österreich Edition Start/Stop","€ 10,970.-","82,049 km",Used,02/2015,88 kW,120 hp,"Manual, Gasoline","Manual, Gasoline",Used,,,,,,Opel,Astra,2015,Silver,,Cloth,Station wagon,5,5,Manual,6,"1,364 cc",,"1,428 kg",Gasoline,"5.8 l/100 km (comb)
7.5 l/100 km (city)
4.8 l/100 km (country)",136 g CO2/km (comb),BUCH19071513,Plat.Anthr./RoGrey/0J:silbergr,front,Euro 5,,,,02/2020,,,,,,
103,https://www.autoscout24.com//offers/audi-a1-sb-1-0-tfsi-austria-s-line-gasoline-white-6bbf5998-017e-1765-e053-e250040a155b,"Audi A1 SB 1,0 TFSI Austria S-line","€ 16,990.-","30,000 km",Used,03/2018,70 kW,95 hp,"Manual, Gasoline","Manual, Gasoline",Used,,,,,,Audi,A1,2018,White,Metallic,,Sedans,5,4,Manual,5,999 cc,3,"1,110 kg",Gasoline,"4.2 l/100 km (comb)
5 l/100 km (city)
3.7 l/100 km (country)",97 g CO2/km (comb),,,,Euro 6,,,,,,,,,,
104,https://www.autoscout24.com//offers/peugeot-3008-2-0-bhdi-150-s-s-allure-diesel-white-b4550442-9846-4d10-9735-0620b91cd031,"Peugeot 3008 2,0 BHDi 150 S&S Allure","€ 16,990.-","56,000 km","Used, Full Service History",07/2016,110 kW,150 hp,"Manual, Diesel","Manual, Diesel",Used,1,,,,,Peugeot,3008,2016,White,Metallic,Full leather,Sedans,5,5,Manual,6,"1,997 cc",,,Diesel (Particulate Filter),,114 g CO2/km (comb),3424364,weiss,front,Euro 6,,,,,,,,,,
105,https://www.autoscout24.com//offers/mazda-6-cd-140-te-plus-diesel-red-e2091998-4908-8b39-e053-e250040a3204,Mazda 6 CD 140 TE Plus,"€ 5,200.-","218,000 km","Used, Full Service History",05/2009,103 kW,140 hp,"Manual, Diesel","Manual, Diesel",Used,1,07/2019,,,,Mazda,6,2009,Red,Metallic,,Sedans,4,5,Manual,6,"1,998 cc",4,"1,500 kg",Diesel (Particulate Filter),"5.6 l/100 km (comb)
6.7 l/100 km (city)
5 l/100 km (country)",149 g CO2/km (comb),,,,Euro 4,,,,05/2020,,,,,,
106,https://www.autoscout24.com//offers/toyota-avensis-2-0-d4-d-125-dpf-premium-diesel-grey-bee048a8-3169-42c8-8d68-ddc44c27070f,"Toyota Avensis 2,0 D4-D 125 DPF Premium","€ 13,990.-","99,841 km",Used,04/2013,91 kW,124 hp,"Manual, Diesel","Manual, Diesel",Used,2,,,,,Toyota,Avensis,2013,Grey,,"Cloth, Black",Station wagon,5,5,Manual,6,"1,998 cc",,,Diesel (Particulate Filter),"4.6 l/100 km (comb)

",120 g CO2/km (comb),3336837,grau,front,Euro 5,,,,,,,,,,
107,https://www.autoscout24.com//offers/ford-transit-2-0-transit-2-0-tdci-130ps-310l2-kasten-trend-klim-diesel-white-3ed36b62-dc9c-4f66-9511-56fd808a7612,Ford Transit 2.0 Transit 2.0 TDCi 130PS 310L2 Kasten Trend Klim,"€ 27,165.-",100 km,"Demonstration, Full Service History",06/2019,- kW,- hp,"Manual, Diesel","Manual, Diesel",Demonstration,,,,,,Ford,Transit,2019,White,Metallic,Cloth,Other,5,5,Manual,,"1,998 cc",,,Diesel (Particulate Filter),,171 g CO2/km (comb),A16572,Frozen White H6W,front,,,,,06/2022,,,,,,
108,https://www.autoscout24.com//offers/peugeot-308-sw-1-6-bluehdi-120-s-s-business-line-diesel-grey-c56aa15f-a67c-412c-bfc2-2fc806808407,"Peugeot 308 SW 1,6 BlueHDi 120 S&S Business Line","€ 16,997.-","9,000 km","Used, Full Service History",12/2016,88 kW,120 hp,"Manual, Diesel","Manual, Diesel",Used,,,24 months,,,Peugeot,308,2016,Grey,Metallic,"Cloth, Black",Station wagon,5,5,Manual,6,"1,560 cc",,"1,300 kg",Diesel (Particulate Filter),"3.2 l/100 km (comb)

",85 g CO2/km (comb),2021334655,Artense grau,front,,,,,12/2021,,,,,,
109,https://www.autoscout24.com//offers/audi-a6-allroad-3-0-tdi-v6-quattro-tiptr-dpf-diesel-grey-7bd2b99b-805c-3d47-e053-e250040ab2de,"Audi A6 allroad 3,0 TDI V6 quattro Tiptr. DPF","€ 8,000.-","185,000 km","Used, Full Service History",10/2006,171 kW,232 hp,"Semi-automatic, Diesel","Semi-automatic, Diesel",Used,,01/2019,,,,Audi,A6 allroad,2006,Grey,,,Station wagon,5,5,Semi-automatic,6,"2,967 cc",6,"1,880 kg",Diesel (Particulate Filter),"8.8 l/100 km (comb)
11.8 l/100 km (city)
7 l/100 km (country)",232 g CO2/km (comb),,,,Euro 4,,,,10/2020,,,,,,
110,https://www.autoscout24.com//offers/seat-ibiza-fresh-1-4-tdi-pd-diesel-blue-d609b9fd-ef37-4eb9-b8b9-4d083e11fa86,"SEAT Ibiza Fresh 1,4 TDI PD","€ 1,600.-","199,000 km","Used, Full Service History",04/2005,55 kW,75 hp,"Manual, Diesel","Manual, Diesel",Used,1,11/2019,,,,SEAT,Ibiza,2005,Blue,Metallic,"Cloth, Black",Sedans,5,5,Manual,5,"1,422 cc",3,"1,128 kg",Diesel,,,,1G / S5S,front,,,Austria,,,,,,,,
111,https://www.autoscout24.com//offers/volkswagen-kaefer-gasoline-red-47a37e9b-2857-611a-e053-e250040a2f33,Volkswagen Käfer,"€ 6,000.-","11,876 km",Antique / Classic,01/1977,25 kW,34 hp,Gasoline,Gasoline,Antique / Classic,,,,,,Volkswagen,Käfer,1977,Red,Metallic,,Convertible,,,,,,,,Gasoline,,,,,,,,,,,,,,,,
112,https://www.autoscout24.com//offers/volkswagen-golf-sportsvan-comfortline-tsi-gasoline-grey-1dba5730-cab2-4be0-804e-bcdc79d4c525,Volkswagen Golf Sportsvan Comfortline TSI,"€ 22,990.-",201 km,"Used, Full Service History",05/2019,85 kW,116 hp,"Manual, Gasoline","Manual, Gasoline",Used,,,,,,Volkswagen,Golf Sportsvan,2019,Grey,Metallic,,Sedans,4,5,Manual,,999 cc,,"1,318 kg",Gasoline,"5 l/100 km (comb)

",,350-35046,mittelgrau metallic,front,,,,,,,,,,,
113,https://www.autoscout24.com//offers/mini-cooper-d-countryman-jcw-interieur-paket-black-paket-xenon-navi-ahk-diesel-black-29ff42fd-484b-4c1a-8ee4-022f0ba1e821,"MINI Cooper D Countryman JCW Interieur Paket, Black Paket, Xenon, Navi, AHK","€ 15,990.-","60,000 km","Used, Full Service History",10/2016,82 kW,111 hp,"Manual, Diesel","Manual, Diesel",Used,1,,,,,MINI,Cooper D Countryman,2016,Black,Metallic,"Cloth, Black",Off-Road/Pick-up,5,4,Manual,6,"1,598 cc",4,"1,385 kg",Diesel (Particulate Filter),"4.2 l/100 km (comb)
4.7 l/100 km (city)
3.9 l/100 km (country)",111 g CO2/km (comb),,Absolut Black Metallic,front,,,,,,,,,,,
114,https://www.autoscout24.com//offers/audi-q5-2-0-tdi-quattro-dpf-diesel-black-23058f8d-41a2-843b-e053-e250040adb4b,"Audi Q5 2,0 TDI quattro DPF","€ 14,200.-","210,000 km",Used,07/2012,105 kW,143 hp,"Manual, Diesel","Manual, Diesel",Used,,,,,,Audi,Q5,2012,Black,Metallic,,Off-Road/Pick-up,5,5,Manual,6,"1,968 cc",4,"1,830 kg",Diesel (Particulate Filter),"6.2 l/100 km (comb)
7.2 l/100 km (city)
5.6 l/100 km (country)",162 g CO2/km (comb),,,,Euro 5,,,,,,,,,,
115,https://www.autoscout24.com//offers/ford-kuga-1-5-ecoboost-titanium-navi-xenon-pdc-rueckfahr-gasoline-grey-84aaa5ad-6086-4f9a-9795-a23bac823fca,Ford Kuga 1.5 EcoBoost TITANIUM * NAVI XENON PDC RÜCKFAHR...,"€ 25,213.-",10 km,"Used, Full Service History",01/2018,110 kW,150 hp,"Manual, Gasoline","Manual, Gasoline",Used,2,,,,,Ford,Kuga,2018,Grey,Metallic,"Part leather, Black",Off-Road/Pick-up,5,5,Manual,,"1,498 cc",,,Super 95,,,299833,Magneticgrau,,,in 14 days from ordering,European Union,,01/2021,,,8566/BJH,,,
116,https://www.autoscout24.com//offers/toyota-yaris-1-0-vvt-i-active-gasoline-black-c0e15321-a33d-4eff-819a-6912a4f80b07,"Toyota Yaris 1,0 VVT-i Active","€ 10,980.-","18,903 km","Demonstration, Full Service History",04/2016,51 kW,69 hp,"Manual, Gasoline","Manual, Gasoline",Demonstration,,,,,,Toyota,Yaris,2016,Black,Metallic,"Cloth, Black",Sedans,5,5,Manual,5,998 cc,,980 kg,Gasoline,"4.3 l/100 km (comb)
5.2 l/100 km (city)
3.8 l/100 km (country)",99 g CO2/km (comb),10043,onyx schwarz-209,front,,,,,04/2021,,,,,,
117,https://www.autoscout24.com//offers/ford-focus-1-0-ecoboost-trend-klimatronic-sitzheizung-gasoline-black-837f5cab-6834-47eb-94c1-ea38068df05d,"Ford Focus 1,0 EcoBoost Trend *KLIMATRONIC, SITZHEIZUNG*","€ 12,490.-","46,950 km","Used, Full Service History",01/2017,74 kW,101 hp,"Manual, Gasoline","Manual, Gasoline",Used,1,,,,,Ford,Focus,2017,Black,,"Cloth, Black",Sedans,5,5,Manual,5,"1,000 cc",,"1,276 kg",Gasoline,"4.6 l/100 km (comb)
5.7 l/100 km (city)
3.9 l/100 km (country)",105 g CO2/km (comb),2021070197,schwarz,front,,,,,01/2022,,,,,,
118,https://www.autoscout24.com//offers/seat-ateca-2-0-fr-tdi-dsg-diesel-grey-270e0f22-7e1f-4b89-bcf7-c6439bb0024f,"SEAT Ateca 2,0 FR TDI DSG","€ 32,950.-","10,500 km",Used,06/2019,110 kW,150 hp,"Automatic, Diesel","Automatic, Diesel",Used,,,,,,SEAT,Ateca,2019,Grey,Metallic,Full leather,Off-Road/Pick-up,5,5,Automatic,7,"1,968 cc",,"1,441 kg",Diesel (Particulate Filter),"4.5 l/100 km (comb)

",123 g CO2/km (comb),201-10091,Granit-Grau Met.,front,,,,,06/2022,,,,,,
119,https://www.autoscout24.com//offers/bmw-218-d-active-tourer-advantage-diesel-white-ce5ae1d7-1ee6-4ecd-aa10-91aecf007788,BMW 218 d Active Tourer Advantage,"€ 41,792.-",5 km,New,-/-,110 kW,150 hp,"Manual, Diesel","Manual, Diesel",New,,,,,,BMW,218,,White,Metallic,Cloth,Sedans,5,5,Manual,6,"1,995 cc",,,Diesel (Particulate Filter),,,3275550,Mineralweiss,front,Euro 6,,,,,,Yes,,,,
120,https://www.autoscout24.com//offers/opel-vivaro-combi-l2h1-1-6-biturbo-cdti-ecoflex-2-9t-start-st-diesel-white-84b83d33-78d1-47b1-ba6f-7df057e297a2,"Opel Vivaro Combi L2H1 1,6 BiTurbo CDTI ecoflex 2,9t Start/St","€ 20,490.-","74,000 km","Demonstration, Full Service History",05/2017,92 kW,125 hp,"Manual, Diesel","Manual, Diesel",Demonstration,,,,,,Opel,Vivaro,2017,White,,Cloth,Station wagon,5,9,Manual,6,"1,598 cc",,"2,114 kg",Diesel (Particulate Filter),"5.6 l/100 km (comb)
6.4 l/100 km (city)
5.1 l/100 km (country)",145 g CO2/km (comb),GS_BUCH022473,Casablanca Weiß,front,Euro 6,,,,05/2020,,,,,,
121,https://www.autoscout24.com//offers/ford-ranger-xl-diesel-blue-0e675697-1c95-fa08-e053-e250040ab48e,Ford Ranger XL,"€ 8,000.-","310,000 km",Used,08/2008,105 kW,143 hp,"Manual, Diesel","Manual, Diesel",Used,,,,,,Ford,Ranger,2008,Blue,,,Transporter,4,5,Manual,5,"2,498 cc",4,"1,815 kg",Diesel,"8.9 l/100 km (comb)
10.9 l/100 km (city)
7.8 l/100 km (country)",244 g CO2/km (comb),,,,Euro 4,,,,,,,8566/AXG,,,
122,https://www.autoscout24.com//offers/skoda-octavia-combi-1-6-tdi-sportpaket-dsg-diesel-black-e43088b3-03a9-4bf2-b7ec-a16bdae764e6,"Skoda Octavia Combi 1,6 TDI ""Sportpaket"" DSG","€ 17,800.-","102,130 km",Used,11/2016,81 kW,110 hp,"Automatic, Diesel","Automatic, Diesel",Used,1,,,,,Skoda,Octavia,2016,Black,Metallic,"Cloth, Black",Station wagon,5,5,Automatic,7,"1,598 cc",4,"1,327 kg",Diesel,"3.9 l/100 km (comb)
4.5 l/100 km (city)
3.5 l/100 km (country)",100 g CO2/km (comb),116525,schwarz magic-perleffekt,,Euro 6,,,,,,,,,,
123,https://www.autoscout24.com//offers/volkswagen-caddy-edition-35-tdi-4motion-diesel-white-3ee774fe-4812-4ec6-b20e-ee07208034f2,Volkswagen Caddy Edition 35 TDI 4MOTION,"€ 28,980.-",201 km,"Used, Full Service History",09/2019,90 kW,122 hp,"Manual, Diesel","Manual, Diesel",Used,,,,,,Volkswagen,Caddy,2019,White,,,Station wagon,4,5,Manual,,"1,968 cc",,"1,687 kg",Diesel,"6.2 l/100 km (comb)

",,273-13326,weiss normal,4WD,,,,,,,,,,,
124,https://www.autoscout24.com//offers/renault-scenic-renault-limited-tce-gasoline-white-f8c9b809-7830-40fa-b512-d0e4eafcff07,Renault Scenic Renault Limited TCE,"€ 20,790.-","5,500 km","Demonstration, Full Service History",07/2019,85 kW,116 hp,"Manual, Gasoline","Manual, Gasoline",Demonstration,,,48 months,,,Renault,Scenic,2019,White,Metallic,,Van,5,5,Manual,6,"1,332 cc",,"1,415 kg",Regular/Benzine 91,,,18-900125,Perlmutt-Weiß/Black,,,,Austria,,,,,,,,
125,https://www.autoscout24.com//offers/ford-focus-cc-trend-1-6-gasoline-silver-ef66d5e0-0e6a-46d7-bd28-c99a23014e7d,"Ford Focus CC Trend 1,6","€ 7,790.-","81,000 km",Used,08/2010,74 kW,101 hp,"Manual, Gasoline","Manual, Gasoline",Used,0,,,,,Ford,Focus CC,2010,Silver,,"Cloth, Black",Convertible,2,4,Manual,5,"1,596 cc",4,"1,398 kg",Gasoline,"7.1 l/100 km (comb)
9.4 l/100 km (city)
5.8 l/100 km (country)",169 g CO2/km (comb),,Silber,front,Euro 4,,,,,,,,,,
126,https://www.autoscout24.com//offers/bmw-520-5er-reihe-diesel-f10-oesterreich-paket-aut-diesel-white-ad27f39a-44ba-1e6a-e053-e250040a830f,BMW 520 5er-Reihe Diesel (F10) M Paket voll,"€ 20,799.-","178,000 km",Used,12/2012,135 kW,184 hp,"Automatic, Diesel","Automatic, Diesel",Used,,,,,,BMW,520,2012,White,,,Sedans,4,5,Automatic,8,"1,995 cc",4,"1,625 kg",Diesel (Particulate Filter),"4.7 l/100 km (comb)
5.7 l/100 km (city)
4.4 l/100 km (country)",123 g CO2/km (comb),,,,Euro 5,,,,,,,,,,
127,https://www.autoscout24.com//offers/peugeot-308-1-6-bluehdi-120-allure-s-s-diesel-grey-f58d5f2d-b52d-4cb4-9194-544dea5fb59c,"Peugeot 308 1,6 BlueHDI 120 Allure S&S","€ 15,980.-","20,000 km","Used, Full Service History",01/2018,88 kW,120 hp,"Manual, Diesel","Manual, Diesel",Used,,,,,,Peugeot,308,2018,Grey,Metallic,Cloth,Sedans,5,5,Manual,6,"1,560 cc",,"1,185 kg",Diesel (Particulate Filter),"3 l/100 km (comb)
3.6 l/100 km (city)
3 l/100 km (country)",84 g CO2/km (comb),2020762697,Artense Grau,front,Euro 6,,,,01/2021,,,,,,
128,https://www.autoscout24.com//offers/ford-focus-1-0-ecoboost-st-line-business-gasoline-blue-e8d72a9c-5f8a-a907-e053-e250040a02f7,"Ford Focus 1,0 EcoBoost ST-Line Business","€ 20,500.-","22,600 km","Used, Full Service History",08/2018,92 kW,125 hp,"Manual, Gasoline","Manual, Gasoline",Used,,,,,,Ford,Focus,2018,Blue,,,Sedans,5,5,Manual,6,999 cc,3,"1,322 kg",Gasoline,"4.9 l/100 km (comb)
6 l/100 km (city)
4.3 l/100 km (country)",111 g CO2/km (comb),,,,Euro 6d-TEMP,,,,,,,,,,
129,https://www.autoscout24.com//offers/mercedes-benz-glc-220-d-4matic-aut-navi-led-leder-head-up-temp-shz-diesel-grey-b9d4dde7-5c22-439b-9689-247880c51c90,Mercedes-Benz GLC 220 d 4MATIC Aut. NAVI LED LEDER HEAD-UP TEMP SHZ,"€ 37,990.-","35,916 km",Used,05/2018,125 kW,170 hp,"Automatic, Diesel","Automatic, Diesel",Used,,,,,,Mercedes-Benz,GLC 220,2018,Grey,Metallic,"Full leather, Black",Off-Road/Pick-up,5,5,Automatic,9,"2,143 cc",,,Diesel,,,3421020,grau,4WD,Euro 6,,,,,,,,,,
130,https://www.autoscout24.com//offers/volkswagen-golf-plus-rabbit-1-6-tdi-dpf-diesel-blue-9f3370ba-d421-492b-9deb-5da80c0105d3,"Volkswagen Golf Plus Rabbit 1,6 TDI DPF","€ 6,990.-","141,000 km","Used, Full Service History",02/2011,66 kW,90 hp,"Manual, Diesel","Manual, Diesel",Used,2,,,,,Volkswagen,Golf Plus,2011,Blue,Metallic,"Cloth, Black",Sedans,5,5,Manual,5,"1,598 cc",4,"1,365 kg",Diesel,"4.7 l/100 km (comb)
6 l/100 km (city)
4.1 l/100 km (country)",125 g CO2/km (comb),,,front,,,Austria,,,,,,,,
131,https://www.autoscout24.com//offers/volkswagen-golf-cabriolet-cabrio-classicline-gasoline-white-c5cde884-644d-1877-e053-e250040abb0e,Volkswagen Golf Cabriolet Cabrio Classicline,"€ 7,990.-","132,000 km",Used,02/1992,72 kW,98 hp,"Manual, Gasoline","Manual, Gasoline",Used,,,,,,Volkswagen,Golf Cabriolet,1992,White,Metallic,"Cloth, Grey",Convertible,2,4,Manual,5,"1,781 cc",4,"1,040 kg",Gasoline,,,,,,,,,,,,,,,,
132,https://www.autoscout24.com//offers/opel-adam-opel-black-white-1-2-special-limited-edition-gasoline-white-e4ccf78e-a29f-f60b-e053-e250040a0d90,Opel Adam Opel Black & White 1.2 (special/limited edition),"€ 7,990.-","36,000 km","Used, Full Service History",08/2016,51 kW,69 hp,"Manual, Gasoline","Manual, Gasoline",Used,1,,,,,Opel,Adam,2016,White,,,Compact,2,4,Manual,,,,,Gasoline,,,,,front,,,,,,,,,,,
133,https://www.autoscout24.com//offers/jeep-grand-cherokee-3-0-v6-multijet-ii-limited-panoramadach-diesel-grey-06fb6b11-0a4f-4ecc-81f7-547b5e46bd0d,"Jeep Grand Cherokee 3,0 V6 Multijet II Limited Panoramadach","€ 55,990.-",18 km,New,-/-,140 kW,190 hp,"Automatic, Diesel","Automatic, Diesel",New,0,,,,,Jeep,Grand Cherokee,,Grey,Metallic,"Full leather, Black",Off-Road/Pick-up,5,5,Automatic,8,"2,987 cc",6,"2,403 kg",Diesel (Particulate Filter),"7.8 l/100 km (comb)

",208 g CO2/km (comb),,Granite Crystal Grau Met.,4WD,Euro 6d-TEMP,,Austria,,,,,,,,
134,https://www.autoscout24.com//offers/skoda-rapid-spaceback-rapid-spaceback-sport-tsi-gasoline-blue-7e01b599-3b97-453e-89b6-c373bd4801a5,Skoda Rapid/Spaceback RAPID SPACEBACK Sport TSI,"€ 14,990.-","19,293 km","Used, Full Service History",04/2018,81 kW,110 hp,"Manual, Gasoline","Manual, Gasoline",Used,,,,,,Skoda,Rapid/Spaceback,2018,Blue,Metallic,,Sedans,5,5,Manual,,999 cc,,"1,146 kg",Gasoline,"4.6 l/100 km (comb)

",,370-17528,mittelblau metallic,front,,,,,,,,,,,
135,https://www.autoscout24.com//offers/ford-focus-titanium-diesel-blue-ce175a91-9b42-c51e-e053-e250040a0224,Ford Focus Titanium,"€ 8,900.-","130,000 km",Used,10/2013,120 kW,163 hp,"Manual, Diesel","Manual, Diesel",Used,,,,,,Ford,Focus,2013,Blue,Metallic,,Compact,5,5,Manual,,,,,Diesel,,,,,front,,,,,,,,,,,
136,https://www.autoscout24.com//offers/audi-a4-1-9-tdi-diesel-black-cea74f93-e342-8401-e053-e250040aa759,"Audi A4 1,9 TDI","€ 4,500.-","260,000 km","Used, Full Service History",11/1999,81 kW,110 hp,"Manual, Diesel","Manual, Diesel",Used,1,,,,,Audi,A4,1999,Black,Metallic,"Cloth, Black",Sedans,4,5,Manual,5,"1,896 cc",4,"1,240 kg",Diesel,"5.3 l/100 km (comb)
6.9 l/100 km (city)
4.3 l/100 km (country)",142 g CO2/km (comb),,,,,,,,,,,,,,
137,https://www.autoscout24.com//offers/audi-a6-3-0-tdi-quattro-led-navi-bose-diesel-black-d57e089a-daff-af19-e053-e250040a30d3,"Audi A6 3,0 TDI Quattro, LED, NAVI, BOSE","€ 27,850.-","99,200 km","Used, Full Service History",11/2012,180 kW,245 hp,"Automatic, Diesel","Automatic, Diesel",Used,3,09/2019,,,,Audi,A6,2012,Black,,,Station wagon,5,5,Automatic,7,"2,967 cc",6,"1,865 kg",Diesel (Particulate Filter),"5.9 l/100 km (comb)
7.2 l/100 km (city)
5.2 l/100 km (country)",156 g CO2/km (comb),,,,Euro 5,,,,11/2020,,,,,,
138,https://www.autoscout24.com//offers/citroen-c3-picasso-e-hdi-90-airdream-egs6-seduction-diesel-white-6a880a16-c765-414b-864f-17096543d90d,Citroen C3 Picasso e-HDi 90 Airdream EGS6 Seduction,"€ 9,900.-","80,981 km","Used, Full Service History",11/2014,68 kW,92 hp,"Automatic, Diesel","Automatic, Diesel",Used,,,12 months,,,Citroen,C3 Picasso,2014,White,,Cloth,Station wagon,5,5,Automatic,6,"1,560 cc",,"1,366 kg",Diesel (Particulate Filter),"4.3 l/100 km (comb)
4.9 l/100 km (city)
4 l/100 km (country)",112 g CO2/km (comb),11077,Nacre Weiß Perl,front,Euro 5,,,,11/2020,,,,,,
139,https://www.autoscout24.com//offers/skoda-superb-style-tsi-act-gasoline-silver-9e0e7963-5d2f-4fc2-9fc7-8808c3fcbaa7,Skoda Superb Style TSI ACT,"€ 27,550.-","20,274 km","Used, Full Service History",09/2018,110 kW,150 hp,"Manual, Gasoline","Manual, Gasoline",Used,,,,,,Skoda,Superb,2018,Silver,Metallic,,Station wagon,5,5,Manual,,"1,395 cc",,"1,491 kg",Gasoline,"5.2 l/100 km (comb)

",,270-11591,silber metallic,front,,,,,,,,,,,
140,https://www.autoscout24.com//offers/mercedes-benz-vito-114-cdi-kasten-4matic-lang-allrad-navi-kamera-diesel-white-7dec21c9-8c54-4b9e-b118-7404626bad21,Mercedes-Benz Vito 114 CDI Kasten 4MATIC lang Allrad Navi Kamera,"€ 36,650.-",10 km,New,-/-,100 kW,136 hp,"Automatic, Diesel","Automatic, Diesel",New,,,48 months,,,Mercedes-Benz,Vito,,White,,"Cloth, Black",Transporter,4,3,Automatic,7,"2,143 cc",,,Diesel (Particulate Filter),"6 l/100 km (comb)
6.7 l/100 km (city)
5.6 l/100 km (country)",159 g CO2/km (comb),13653632,arktikweiß,4WD,Euro 6,,Austria,4 (Green),,,,,,,
141,https://www.autoscout24.com//offers/audi-a4-avant-2-0-tdi-diesel-white-016c9190-7916-5d1c-e053-e250040a7ecd,"Audi A4 Avant 2,0 TDI","€ 15,000.-","110,000 km",Used,12/2014,110 kW,150 hp,"Automatic, Diesel","Automatic, Diesel",Used,,06/2019,,,,Audi,A4,2014,White,,,Station wagon,5,5,Automatic,6,"1,968 cc",4,"1,610 kg",Diesel (Particulate Filter),"4.7 l/100 km (comb)
5.6 l/100 km (city)
4.2 l/100 km (country)",124 g CO2/km (comb),,,,Euro 5,,,,12/2019,,,,,,
142,https://www.autoscout24.com//offers/bmw-330-d-touring-aut-xdrive-diesel-black-63495f37-fa0e-4427-a504-ecbbd8888300,BMW 330 d Touring Aut. [xDrive],"€ 24,400.-","111,925 km","Used, Full Service History",09/2016,190 kW,258 hp,"Automatic, Diesel","Automatic, Diesel",Used,1,,,,,BMW,330,2016,Black,,Full leather,Station wagon,5,5,Automatic,8,"2,993 cc",6,"1,755 kg",Diesel,"5.5 l/100 km (comb)

",,PLA391282,,4WD,Euro 6,,,,,,,,,,
143,https://www.autoscout24.com//offers/volkswagen-golf-sportsvan-highline-1-6-bmt-tdi-diesel-white-e75ceb0f-fe1d-488f-8488-41d02eab9556,"Volkswagen Golf Sportsvan Highline 1,6 BMT TDI","€ 14,831.-","99,843 km",Used,07/2014,81 kW,110 hp,"Manual, Diesel","Manual, Diesel",Used,1,,,,,Volkswagen,Golf Sportsvan,2014,White,Metallic,"Cloth, Black",Sedans,5,5,Manual,5,"1,598 cc",4,"1,420 kg",Diesel (Particulate Filter),"3.8 l/100 km (comb)

",101 g CO2/km (comb),,Oryxweiß,front,,,Austria,,,,,,,,
144,https://www.autoscout24.com//offers/opel-insignia-sports-tourer-gasoline-grey-e278ccab-64d6-4630-80b8-53a7377ed2b6,Opel Insignia Sports Tourer,"€ 16,990.-","56,192 km",Used,08/2017,103 kW,140 hp,"Manual, Gasoline","Manual, Gasoline",Used,2,,,,,Opel,Insignia,2017,Grey,Metallic,Cloth,Station wagon,5,5,Manual,6,"1,490 cc",,,Gasoline,,132 g CO2/km (comb),3321477,Licht Grau (M2),front,Euro 6,,,,,,,,,,
145,https://www.autoscout24.com//offers/mercedes-benz-cls-cls-350-d-4matic-coupe-diesel-black-5460a999-07db-4c17-859d-44aeef93397f,Mercedes-Benz CLS CLS 350 d 4MATIC Coupé,"€ 82,990.-",100 km,Demonstration,12/2019,210 kW,286 hp,"Automatic, Diesel","Automatic, Diesel",Demonstration,,,,,,Mercedes-Benz,CLS,2019,Black,Metallic,"Full leather, Black",Coupe,4,4,Automatic,9,"2,925 cc",6,"1,935 kg",Diesel (Particulate Filter),"6 l/100 km (comb)

",159 g CO2/km (comb),19VZ185,obsidianschwarz metallic,4WD,,,,,,,,,,,
146,https://www.autoscout24.com//offers/bmw-316-3er-reihe-e46-oeste-nagelneues-pickerl-gasoline-grey-868069bc-83b8-4d29-a72a-b15353c7e4c5,BMW 316 3er-Reihe (E46) Öste...NAGELNEUES PICKERL !!!,"€ 3,280.-","160,145 km","Used, Full Service History",01/2000,77 kW,105 hp,"Manual, Gasoline","Manual, Gasoline",Used,2,,,,,BMW,316,2000,Grey,Metallic,"Cloth, Other",Sedans,4,5,Manual,5,"1,895 cc",4,"1,360 kg",Gasoline,"7.9 l/100 km (comb)
10.1 l/100 km (city)
5.7 l/100 km (country)",101 g CO2/km (comb),,,rear,Euro 3,,,,,,,,,,
147,https://www.autoscout24.com//offers/volkswagen-golf-variant-gasoline-grey-f731a79b-dc1c-334c-e053-e250040a0848,Volkswagen Golf Variant,"€ 4,000.-","167,000 km",Used,05/2005,55 kW,75 hp,"Manual, Gasoline","Manual, Gasoline",Used,,,,,,Volkswagen,Golf Variant,2005,Grey,Metallic,,Station wagon,5,5,Manual,5,"1,390 cc",4,"1,166 kg",Gasoline,"6.4 l/100 km (comb)
8.4 l/100 km (city)
5.3 l/100 km (country)",152 g CO2/km (comb),,,,Euro 3,,,,,,,,,,
148,https://www.autoscout24.com//offers/bmw-325-e91-touring-m-paket-voll-diesel-black-dd56ea99-505f-6a66-e053-e250040ad863,BMW 325 (E91) Touring M-Paket Voll,"€ 5,500.-","460,000 km",Used,07/2007,145 kW,197 hp,"Manual, Diesel","Manual, Diesel",Used,,,,,,BMW,325,2007,Black,Metallic,,Station wagon,5,5,Manual,6,"2,993 cc",6,"1,665 kg",Diesel (Particulate Filter),"6.6 l/100 km (comb)
8.8 l/100 km (city)
5.3 l/100 km (country)",176 g CO2/km (comb),,,,Euro 4,,,,,,,,,,
149,https://www.autoscout24.com//offers/mercedes-benz-c-200-coupe-cdi-diesel-black-44d28e8e-c769-c20c-e053-e250040a32fa,Mercedes-Benz C 200 Coupé CDI,"€ 3,300.-","145,000 km",Used,05/2004,90 kW,122 hp,"Manual, Diesel","Manual, Diesel",Used,,,,,,Mercedes-Benz,C 200,2004,Black,,,Coupe,2,4,Manual,6,"2,148 cc",4,"1,490 kg",Diesel (Particulate Filter),"6.5 l/100 km (comb)
8.6 l/100 km (city)
5.3 l/100 km (country)",172 g CO2/km (comb),,,,Euro 4,,,,,,,,,,
150,https://www.autoscout24.com//offers/hyundai-i30-fastback-1-4-t-gdi-level-5-gasoline-black-b1051078-328a-4999-8c84-8aed6d4267ed,"Hyundai i30 Fastback 1,4 T-GDi Level 5","€ 22,980.-",15 km,"New, Full Service History",-/-,103 kW,140 hp,"Manual, Gasoline","Manual, Gasoline",New,,,,,,Hyundai,i30,,Black,Metallic,"Part leather, Black",Sedans,5,5,Manual,6,"1,353 cc",,,Gasoline,,,3295221,Phantom Black - schwarz,front,Euro 6,,,,,,,,,,
151,https://www.autoscout24.com//offers/hyundai-i30-pd-entry-1-4-mpi-c0b20a-gasoline-black-bd293619-2a36-45c7-a935-46a41a54b30d,"Hyundai i30 - PD Entry 1,4 MPI c0b20a","€ 13,565.-",5 km,New,-/-,73 kW,99 hp,"Manual, Gasoline","Manual, Gasoline",New,,,,,,Hyundai,i30,,Black,,,Sedans,5,5,Manual,,"1,368 cc",,"1,185 kg",Gasoline,,,015114379,Phantom Black,,Euro 6,,,,01/1970,,,,,,
152,https://www.autoscout24.com//offers/mazda-3-skyactiv-g122-comfort-so-st-te-comfort-so-st-t-gasoline-white-73d44192-4207-1473-e053-e250040a3f71,Mazda 3 Skyactiv-G122 Comfort /SO/ST/TE Comfort /SO/ST/T,"€ 23,500.-","5,000 km","Used, Full Service History",04/2019,90 kW,122 hp,"Manual, Gasoline","Manual, Gasoline",Used,,,,,,Mazda,3,2019,White,Metallic,,Sedans,5,5,Manual,6,"1,998 cc",4,"1,274 kg",Gasoline,"5.1 l/100 km (comb)
6.4 l/100 km (city)
4.3 l/100 km (country)",119 g CO2/km (comb),,,,Euro 6d-TEMP,,,,,,,,,,
153,https://www.autoscout24.com//offers/renault-grand-espace-sport-edition-2-0-dci-diesel-black-9aa48ff1-7e9a-47ef-b6ff-07bda7312559,"Renault Grand Espace Sport Edition 2,0 dCi","€ 1,999.-","279,000 km",Used,07/2007,96 kW,131 hp,"Manual, Diesel","Manual, Diesel",Used,2,,,,,Renault,Grand Espace,2007,Black,Metallic,Cloth,Van,5,7,Manual,6,"1,995 cc",4,"1,807 kg",Diesel,"7.4 l/100 km (comb)
9.2 l/100 km (city)
6.4 l/100 km (country)",196 g CO2/km (comb),,,front,Euro 4,,Austria,,,,,,,,
154,https://www.autoscout24.com//offers/fiat-tipo-1-6-multijet-ii-120-eco-business-mirror-diesel-blue-dfbd1754-f5cf-4134-a155-a19e3324f906,"Fiat Tipo 1,6 MultiJet II 120 Eco-Business Mirror","€ 17,990.-",10 km,New,-/-,88 kW,120 hp,"Manual, Diesel","Manual, Diesel",New,0,,48 months,,,Fiat,Tipo,,Blue,Metallic,"Cloth, Black",Sedans,5,5,Manual,6,"1,598 cc",4,"1,370 kg",Diesel (Particulate Filter),"3.4 l/100 km (comb)
4 l/100 km (city)
3 l/100 km (country)",89 g CO2/km (comb),,,front,Euro 6,,Austria,,,,,,,,
155,https://www.autoscout24.com//offers/volvo-s60-d4-momentum-r-design-leder-navi-finanzierung-moeg-diesel-white-e558e24a-ac72-4133-98d4-26379bddb3c0,Volvo S60 D4 Momentum R-Design LEDER NAVI *FINANZIERUNG MÖG,"€ 17,500.-","120,000 km","Used, Full Service History",05/2015,140 kW,190 hp,"Manual, Diesel","Manual, Diesel",Used,1,,,,,Volvo,S60,2015,White,Metallic,Full leather,Sedans,4,5,Manual,6,"1,969 cc",,"1,636 kg",Diesel (Particulate Filter),"3.9 l/100 km (comb)
4.5 l/100 km (city)
3.6 l/100 km (country)",102 g CO2/km (comb),A391670,weiß,front,,,,,05/2020,,,,,,
156,https://www.autoscout24.com//offers/suzuki-sx4-s-cross-1-0-ditc-allgrip-shine-gasoline-white-e61e9013-410c-4eca-9fa0-b9243b6e9ade,"Suzuki SX4 S-Cross 1,0 DITC ALLGRIP shine","€ 19,890.-",50 km,Demonstration,06/2019,82 kW,111 hp,"Manual, Gasoline","Manual, Gasoline",Demonstration,1,,,,,Suzuki,SX4 S-Cross,2019,White,,"Cloth, Black",Off-Road/Pick-up,5,5,Manual,5,998 cc,,,Gasoline,,,3243993,weiss,4WD,Euro 6,,,,,,,,,,
157,https://www.autoscout24.com//offers/volkswagen-golf-cabriolet-cabrio-trendline-tdi-leder-zr-neu-diesel-black-849106be-2a44-4dd2-98fe-fa06c07fa23b,Volkswagen Golf Cabriolet Cabrio Trendline TDI Leder ZR neu,"€ 2,800.-","145,000 km","Used, Full Service History",03/2000,66 kW,90 hp,"Manual, Diesel","Manual, Diesel",Used,3,08/2019,,,,Volkswagen,Golf Cabriolet,2000,Black,,"Full leather, Black",Convertible,2,4,Manual,5,"1,896 cc",4,"1,205 kg",Diesel,"5.2 l/100 km (comb)
6.8 l/100 km (city)
4.2 l/100 km (country)",140 g CO2/km (comb),,,front,,,Austria,,,,,,08/2019,,
158,https://www.autoscout24.com//offers/citroen-c3-vti-68-flash-gasoline-white-f74ceeaa-cfaa-4cff-9eed-076354691799,Citroen C3 VTi 68 Flash,"€ 5,980.-","78,800 km","Used, Full Service History",07/2014,50 kW,68 hp,"Manual, Gasoline","Manual, Gasoline",Used,,,,,,Citroen,C3,2014,White,,Cloth,Sedans,5,5,Manual,5,999 cc,,"1,048 kg",Gasoline,"4.4 l/100 km (comb)

",102 g CO2/km (comb),CITGW4911,banquise weiß,front,Euro 5,,,,07/2020,,,,,,
159,https://www.autoscout24.com//offers/mercedes-benz-glc-220-d-4matic-diesel-black-37373320-57d6-4f36-9032-2c7301d51e80,Mercedes-Benz GLC 220 d 4Matic,"€ 39,900.-","57,200 km",Demonstration,08/2017,125 kW,170 hp,"Automatic, Diesel","Automatic, Diesel",Demonstration,1,,,,,Mercedes-Benz,GLC 220,2017,Black,Metallic,"Full leather, Black",Off-Road/Pick-up,5,5,Automatic,9,"2,143 cc",,,Diesel (Particulate Filter),,,3396863,schwarz,4WD,Euro 6,,,,,,,,,,
160,https://www.autoscout24.com//offers/land-rover-range-rover-evoque-2-0-d180-se-aut-diesel-grey-20f0c098-4598-4126-b0eb-176131d24e44,"Land Rover Range Rover Evoque 2,0 D180 SE Aut.","€ 56,000.-","2,500 km","Demonstration, Full Service History",03/2019,132 kW,179 hp,"Automatic, Diesel","Automatic, Diesel",Demonstration,,,36 months,,,Land Rover,Range Rover Evoque,2019,Grey,Metallic,Cloth,Off-Road/Pick-up,5,5,Automatic,9,"1,999 cc",,"1,891 kg",Diesel (Particulate Filter),"5.7 l/100 km (comb)

",,2020927709,Corris Grey,4WD,,,,,03/2022,,,,,,
161,https://www.autoscout24.com//offers/volkswagen-polo-variant-highline-sdi-diesel-blue-448a43ba-4679-457c-b488-a808e47af944,Volkswagen Polo Variant Highline SDI,€ 390.-,"169,770 km",Used,10/2001,50 kW,68 hp,"Manual, Diesel","Manual, Diesel",Used,0,,,,,Volkswagen,Polo Variant,2001,Blue,,,Station wagon,5,5,Manual,5,"1,896 cc",,"1,550 kg",Diesel,"5.2 l/100 km (comb)

",138 g CO2/km (comb),,Blau,front,,,Austria,,,,,,,,
162,https://www.autoscout24.com//offers/volkswagen-t5-tdi-allrad-2-5-tdi-4motion-diesel-black-93b83f58-210b-49da-874c-c96caf731885,"Volkswagen T5 TDI Allrad 2,5 TDI 4motion","€ 13,990.-","218,000 km","Used, Full Service History",04/2005,96 kW,131 hp,"Manual, Diesel","Manual, Diesel",Used,,,,,,Volkswagen,T5,2005,Black,,Cloth,Station wagon,4,9,Manual,6,"2,461 cc",,"1,865 kg",Diesel,"8.8 l/100 km (comb)

",234 g CO2/km (comb),2021065775,schwarz,4WD,Euro 3,,,,04/2020,,,,,,
163,https://www.autoscout24.com//offers/jeep-cherokee-2-2-my19-2-2-diesel-awd-overland-aut-diesel-red-0fd0c471-e338-4189-82fc-81bd2bbb17cd,"Jeep Cherokee 2,2 MY19 2,2 Diesel AWD Overland Aut.","€ 54,990.-","5,000 km",Demonstration,10/2018,143 kW,194 hp,"Automatic, Diesel","Automatic, Diesel",Demonstration,1,,,,,Jeep,Cherokee,2018,Red,Metallic,"Full leather, Black",Off-Road/Pick-up,5,5,Automatic,9,"2,184 cc",4,"1,985 kg",Diesel,"5.7 l/100 km (comb)
7 l/100 km (city)
4.9 l/100 km (country)",159 g CO2/km (comb),,,4WD,Euro 6,,Austria,,,,,,,,
164,https://www.autoscout24.com//offers/audi-s3-a3-quattro-gasoline-blue-cc06ff9a-6dea-dc41-e053-e250040a94ce,Audi S3 A3,"€ 2,850.-","122,200 km",Used,03/1999,110 kW,150 hp,"Manual, Gasoline","Manual, Gasoline",Used,,,,,,Audi,S3,1999,Blue,,,Sedans,3,5,Manual,5,"1,781 cc",4,"1,420 kg",Gasoline,"9.1 l/100 km (comb)
12.2 l/100 km (city)
7.2 l/100 km (country)",216 g CO2/km (comb),,,,,,,,,,,,,,
165,https://www.autoscout24.com//offers/volkswagen-touran-comfortline-2-0-bmt-tdi-dpf-dsg-diesel-black-01865754-f5bc-4c9d-8739-b674ed22797f,"Volkswagen Touran Comfortline 2,0 BMT TDI DPF DSG","€ 15,990.-","92,000 km",Used,08/2014,103 kW,140 hp,"Automatic, Diesel","Automatic, Diesel",Used,1,,,,,Volkswagen,Touran,2014,Black,,Cloth,Station wagon,5,5,Automatic,6,"1,968 cc",,,Diesel (Particulate Filter),,135 g CO2/km (comb),3300809,schwarz,front,Euro 5,,,,,,,,,,
166,https://www.autoscout24.com//offers/jeep-wrangler-unlimited-2-8-crd-rubicon-hardtop-atx-diesel-black-8fce5a00-2e34-4a9d-8606-43c22591ba21,"Jeep Wrangler Unlimited 2,8 CRD Rubicon Hardtop ATX","€ 38,900.-","60,000 km","Demonstration, Full Service History",01/2017,147 kW,200 hp,"Automatic, Diesel","Automatic, Diesel",Demonstration,,,,,,Jeep,Wrangler,2017,Black,Metallic,,Off-Road/Pick-up,4,5,Automatic,,"2,776 cc",,"1,998 kg",Diesel (Particulate Filter),"
9.9 l/100 km (city)
",235 g CO2/km (comb),2-3343,Grau,4WD,,,Austria,,,,,,,,
167,https://www.autoscout24.com//offers/bmw-116-d-navi-led-pdc-diesel-grey-34692a8c-5af2-4568-8273-bf1d3dfd4a64,BMW 116 d *NAVI *LED *PDC,"€ 17,490.-","88,000 km","Used, Full Service History",06/2016,85 kW,116 hp,"Automatic, Diesel","Automatic, Diesel",Used,1,,,,,BMW,116,2016,Grey,Metallic,"Cloth, Black",Sedans,5,5,Automatic,8,"1,496 cc",3,"1,425 kg",Diesel,,,,MINERALGRAU METALLIC,rear,,,,,,,Yes,0005/CAA,,,
168,https://www.autoscout24.com//offers/peugeot-3008-1-5-bluehdi-130-s-s-6-gang-gt-line-diesel-red-9231c43c-524f-4d51-99eb-15efed4e4935,"Peugeot 3008 1,5 BlueHDi 130 S&S 6-Gang GT Line","€ 30,550.-",35 km,"Used, Full Service History",05/2019,96 kW,131 hp,"Manual, Diesel","Manual, Diesel",Used,,,,,,Peugeot,3008,2019,Red,Metallic,Cloth,Off-Road/Pick-up,5,5,Manual,6,"1,499 cc",,,Diesel (Particulate Filter),"4.2 l/100 km (comb)
5.6 l/100 km (city)
3.8 l/100 km (country)",109 g CO2/km (comb),2021510681,rot,front,Euro 6,,,,05/2022,,,,,,
169,https://www.autoscout24.com//offers/ford-focus-traveller-1-0-ecoboost-titanium-automatik-aktion-gasoline-blue-8f3311e6-f239-4693-adc1-829814942666,"Ford Focus Traveller 1,0 EcoBoost Titanium Automatik Aktion","€ 27,648.-",88 km,"Pre-registered, Full Service History",12/2019,92 kW,125 hp,"Automatic, Gasoline","Automatic, Gasoline",Pre-registered,1,,,,,Ford,Focus,2019,Blue,Metallic,"Cloth, Black",Station wagon,5,5,Automatic,8,999 cc,3,"1,431 kg",Gasoline,,,529745,Pantherblau,front,,,Austria,,,,,,,,
170,https://www.autoscout24.com//offers/skoda-octavia-combi-tdi-2-0-dsg-style-shz-navi-pdc-tempo-diesel-silver-5aa5fb3c-091e-45fc-ae86-a624bd5c2181,Skoda Octavia Combi TDI 2.0 DSG Style SHZ Navi PDC Tempo,"€ 17,035.-","86,713 km",Used,07/2016,110 kW,150 hp,"Automatic, Diesel","Automatic, Diesel",Used,,,,,,Skoda,Octavia,2016,Silver,Metallic,Full leather,Station wagon,5,4,Automatic,,"1,968 cc",,,Diesel (Particulate Filter),"4.4 l/100 km (comb)
5.1 l/100 km (city)
4 l/100 km (country)",115 g CO2/km (comb),3091552,silber,,,,,,07/2019,,,,,,
171,https://www.autoscout24.com//offers/nissan-interstar-l2h2-3-5t-2-5-dci-diesel-silver-9b7d0a91-f652-087b-e053-e250040a89aa,Nissan Interstar L2H2 3.5t 2.5 dCi,"€ 2,700.-","356,000 km",Used,03/2006,88 kW,120 hp,"Manual, Diesel","Manual, Diesel",Used,,,,,,Nissan,Interstar,2006,Silver,,,Other,5,9,Manual,5,"2,463 cc",4,"2,001 kg",Diesel,"9.2 l/100 km (comb)
11.1 l/100 km (city)
8.2 l/100 km (country)",246 g CO2/km (comb),,,,,,,,,,,,,,
172,https://www.autoscout24.com//offers/hyundai-kona-1-0-t-gdi-premium-gasoline-green-bde65091-acc3-4d7b-8986-3dfb2bc553a8,"Hyundai Kona 1,0 T-GDi Premium","€ 19,990.-","15,000 km","Demonstration, Full Service History",08/2018,88 kW,120 hp,"Manual, Gasoline","Manual, Gasoline",Demonstration,,,60 months,,,Hyundai,Kona,2018,Green,Metallic,Cloth,Off-Road/Pick-up,5,5,Manual,6,998 cc,,"1,350 kg",Gasoline,"5.4 l/100 km (comb)
6.3 l/100 km (city)
5 l/100 km (country)",125 g CO2/km (comb),999II,zwei Farblackierung (Dark Nigh,front,,,,,08/2021,,,,,,
173,https://www.autoscout24.com//offers/mazda-cx-3-g121-revolution-navi-gasoline-white-ada2022a-185d-4040-b8e5-d8016c1439e9,Mazda CX-3 G121 Revolution Navi,"€ 20,850.-",5 km,"Demonstration, Full Service History",07/2019,89 kW,121 hp,"Manual, Gasoline","Manual, Gasoline",Demonstration,,,,,,Mazda,CX-3,2019,White,Metallic,Cloth,Off-Road/Pick-up,5,,Manual,6,"1,998 cc",,,Gasoline,"6.2 l/100 km (comb)
7.5 l/100 km (city)
5.4 l/100 km (country)",141 g CO2/km (comb),3335423,weiss,front,Euro 6,,,,,,,,,,
174,https://www.autoscout24.com//offers/bmw-523-5er-reihe-f10-oesterreich-paket-aut-gasoline-black-313ec890-3d18-ac79-e053-e250040ae55c,BMW 523 5er-Reihe (F10) Österreich-Paket Aut.,"€ 10,400.-","270,000 km",Used,04/2010,150 kW,204 hp,"Automatic, Gasoline","Automatic, Gasoline",Used,,,,,,BMW,523,2010,Black,Metallic,,Sedans,4,5,Automatic,8,"2,497 cc",6,"1,650 kg",Gasoline,"7.6 l/100 km (comb)
10.5 l/100 km (city)
5.9 l/100 km (country)",177 g CO2/km (comb),,,,Euro 5,,,,,,,,,,
175,https://www.autoscout24.com//offers/mazda-6-mazda-gh-1-8-te-benzin-gasoline-black-3ab68495-73a7-d40b-e053-e250040a6cbf,Mazda 6 Mazda GH 1.8 TE Benzin,"€ 5,200.-","190,000 km",Used,09/2008,88 kW,120 hp,"Manual, Gasoline","Manual, Gasoline",Used,,,,,,Mazda,6,2008,Black,,,Sedans,5,5,Manual,,,,,Gasoline,,,,,,,,,,,,,,,,
176,https://www.autoscout24.com//offers/volkswagen-caddy-maxi-kasten-2-0-tdi-megapreis-diesel-white-f75553f5-dd17-438b-ad35-93ec9b5e1415,Volkswagen Caddy Maxi Kasten 2.0 TDI MEGAPREIS,"€ 12,990.-","20,821 km","Used, Full Service History",04/2018,75 kW,102 hp,"Manual, Diesel","Manual, Diesel",Used,,,,,,Volkswagen,Caddy,2018,White,,"Cloth, Black",Transporter,,,Manual,,"1,968 cc",,,Diesel,,,3388559,weiss,front,,,,,,,,,,,
177,https://www.autoscout24.com//offers/audi-a4-avant-1-9-tdi-diesel-black-67064499-ab49-0c7f-e053-e250040a0270,"Audi A4 Avant 1,9 TDI","€ 4,250.-","220,450 km",Used,09/2004,85 kW,116 hp,"Manual, Diesel","Manual, Diesel",Used,2,11/2019,,,,Audi,A4,2004,Black,,,Station wagon,5,5,Manual,5,"1,896 cc",4,"1,450 kg",Diesel,"5.7 l/100 km (comb)
7.6 l/100 km (city)
4.6 l/100 km (country)",154 g CO2/km (comb),,,,Euro 4,,,,09/2020,,,,11/2019,,
178,https://www.autoscout24.com//offers/audi-a4-2-0-tdi-style-dpf-diesel-grey-6e3ad793-dcb5-5461-e053-e250040a656a,"Audi A4 2,0 TDI Style DPF","€ 15,490.-","77,000 km","Used, Full Service History",03/2013,88 kW,120 hp,"Manual, Diesel","Manual, Diesel",Used,1,08/2019,,,,Audi,A4,2013,Grey,Metallic,,Sedans,4,5,Manual,6,"1,968 cc",4,"1,560 kg",Diesel (Particulate Filter),"4.7 l/100 km (comb)
5.4 l/100 km (city)
4 l/100 km (country)",117 g CO2/km (comb),,,,Euro 5,,,,03/2020,,,,,,
179,https://www.autoscout24.com//offers/audi-a6-3-0-tdi-quattro-s-tronic-dpf-diesel-grey-e536976e-4007-4340-88c2-320ed368dba6,"Audi A6 3,0 TDI quattro S-tronic DPF","€ 22,950.-","170,000 km","Used, Full Service History",04/2012,150 kW,204 hp,"Automatic, Diesel","Automatic, Diesel",Used,2,,,,,Audi,A6,2012,Grey,Metallic,Full leather,Sedans,4,5,Automatic,7,"2,967 cc",,"1,795 kg",Diesel (Particulate Filter),"6 l/100 km (comb)
6.7 l/100 km (city)
5 l/100 km (country)",149 g CO2/km (comb),2021437833,grau,4WD,,,,,04/2020,,,,,,
180,https://www.autoscout24.com//offers/ford-transit-dk-pritsche-ohne-anzahlung-monatlich-199-diesel-orange-73c75ad6-75e3-4786-9086-c1677ec15c10,Ford Transit DK Pritsche - OHNE ANZAHLUNG monatlich 199.-,"€ 9,600.-","150,000 km",Used,09/2010,85 kW,116 hp,"Manual, Diesel","Manual, Diesel",Used,1,,,,,Ford,Transit,2010,Orange,,,Off-Road/Pick-up,4,6,Manual,,,,,Diesel,,,,,,Euro 4,,Austria,,,,,,,,
181,https://www.autoscout24.com//offers/citroen-c4-picasso-bluehdi-120-seduction-eat6-aut-diesel-silver-4da0f698-b3d8-bf39-e053-e250040af5b6,Citroen C4 Picasso BlueHDi 120 Seduction EAT6 Aut.,"€ 13,000.-","72,500 km",Used,12/2015,88 kW,120 hp,"Automatic, Diesel","Automatic, Diesel",Used,,,,,,Citroen,C4 Picasso,2015,Silver,Metallic,,Van,5,5,Automatic,6,"1,560 cc",4,"1,480 kg",Diesel (Particulate Filter),"3.8 l/100 km (comb)
4.3 l/100 km (city)
3.5 l/100 km (country)",100 g CO2/km (comb),,,,Euro 6,,,,,,,,,,
